Row Labels,accelerator_pedal_position,brake_pedal_status,door_status_driver,door_status_rear_right,door_status_rear_left,engine_speed,engine_speed_Trns,fuel_consumed_since_restart,fuel_consumed,fuel_level,headlamp_status,high_beam_status,ignition_status,latitude,longitude,odometer,Distance _Travel,parking_brake_status,torque_at_transmission,transmission_gear_position_Change,vehicle_speed,Speed_Cross,windshield_wiper_status
1406297890,38.125,0,0,0,0,1540.2,3.187577119,2.050265,0,17.254908,0,0,1,,,20.001845,0,0,52.75,0,41.6219972,0,0
1406297891,32.5,0,0,0,0,1572.4,3.196563035,2.051114667,0.000849667,17.254908,0,0,1,,,20.01044467,0.008599667,0,36.8,0,42.4919968,0,0
1406297892,49.4,0,0,0,0,1630,3.212187604,2.052435,0.001320333,17.254908,0,0,1,,,20.0209906,0.010545933,0,55.9,0,44.1059967,0,0
1406297893,21.55,0,0,0,0,1684,3.226342087,2.0539614,0.0015264,17.254908,0,0,1,,,20.03302686,0.012036257,0,36.22222222,0,45.7239958,0,0
1406297894,0,0,0,0,0,1662.2,3.220683278,2.0547081,0.0007467,17.254908,0,0,1,,,20.04631614,0.013289286,0,-8.9,0,45.0309982,0,0
1406297895,17.55,0,0,0,0,1649.1,3.217246992,2.055159222,0.000451122,17.254908,0,0,1,,,20.05938886,0.013072714,0,19.2,0,44.1999985,0,0
1406297896,0,0,0,0,0,1623.1,3.210345278,2.0560669,0.000907678,17.254908,0,0,1,,,20.07068075,0.011291893,0,-1.9,0,44.0709962,0,0
1406297897,6.5,0,0,0,0,1597.3,3.203386492,2.0564242,0.0003573,17.254908,0,0,1,,,20.08328433,0.012603583,0,-7.1,0,42.91888578,0,0
1406297898,8.111111111,0,0,0,0,1586,3.200303183,2.057154333,0.000730133,17.254908,0,0,1,,,20.09529175,0.012007417,0,20.5,0,42.9059952,0,0
1406297899,18.15,0,0,0,0,1591.3,3.201752063,2.0579019,0.000747567,17.254908,0,0,1,,,20.10734817,0.012056417,0,29,0,42.87777356,0,0
1406297900,17.45,0,0,0,0,1613.3,3.207715134,2.0589268,0.0010249,17.254908,0,0,1,,,20.11897057,0.011622405,0,24.7,0,43.6349991,0,0
1406297901,34.7,0,0,0,0,1655.6,3.218955418,2.060014778,0.001087978,17.254908,0,0,1,,,20.13012814,0.011157571,0,53,0,44.5419967,0,0
1406297902,29.3,0,0,0,0,1713.888889,3.233982663,2.061295556,0.001280778,17.254908,0,0,1,,,20.14312913,0.013000982,0,47.8,0,46.39444311,0,0
1406297903,21.9,0,0,0,0,1726.7,3.237216889,2.0621298,0.000834244,17.254908,0,0,1,,,20.15646686,0.013337732,0,26.6,0,46.6729966,0,0
1406297904,43.2,0,0,0,0,1774.2,3.249002575,2.0632981,0.0011683,17.254908,0,0,1,,,20.17026086,0.013794,0,67.8,0,47.8619965,0,0
1406297905,45.05555556,0,0,0,0,1851.6,3.267547172,2.064748556,0.001450456,17.254908,0,0,1,,,20.18250233,0.012241476,0,74,0,50.0219971,0,0
1406297906,15.7,0,0,0,0,1903.7,3.27959851,2.066206,0.001457444,17.254908,0,0,1,28.56421857,77.3159683,20.196935,0.014432667,0,25.22222222,0,51.5929961,0,0
1406297907,8.9,0,0,0,0,1910.8,3.281215233,2.067201,0.000995,17.254908,0,0,1,,,20.21116963,0.014234625,0,17.9,0,51.74666333,0,0
1406297908,25.05,0,0,0,0,1898,3.278296208,2.0680828,0.0008818,17.254908,0,0,1,,,20.22576417,0.014594542,0,25.7,0,51.0659959,0,0
1406297909,60.5,0,0,0,0,1931.2,3.285827253,2.069711333,0.001628533,17.254908,0,0,1,,,20.23931183,0.013547667,0,63.88888889,0,52.0719955,0,0
1406297910,80.7,0,0,0,0,1997.9,3.300573747,2.0716997,0.001988367,17.254908,0,0,1,,,20.25490667,0.015594833,0,68.4,0,53.9349961,0,0
1406297911,55.8,0,0,0,0,2060.7,3.314014771,2.073624111,0.001924411,17.254908,0,0,1,28.56367512,77.31634985,20.27060067,0.015694,0,63.9,0,55.6549958,0,0
1406297912,60.75,0,0,0,0,2127.6,3.327889982,2.0756743,0.002050189,17.254908,0,0,1,,,20.2847165,0.014115833,0,67.1,0,57.360997,0,0
1406297913,58.55555556,0,0,0,0,2192.222222,3.340884576,2.077660667,0.001986367,17.254908,0,0,1,,,20.30053214,0.015815643,0,59.6,0,59.30110522,1,0
1406297914,0,1,0,0,0,2176,3.337658891,2.0788931,0.001232433,17.254908,0,0,1,,,20.31723043,0.016698286,0,-7.1,0,59.02888511,1,0
1406297915,0,1,0,0,0,2100.2,3.322260654,2.079092,0.0001989,17.254908,0,0,1,,,20.33373014,0.016499714,0,-19.4,0,56.7049957,0,0
1406297916,0,0,0,0,0,2026.7,3.306789467,2.0791,8E-06,17.254908,0,0,1,28.56307163,77.316779,20.3500005,0.016270357,0,-19.7,0,54.82888622,0,0
1406297917,40.6,0,0,0,0,2032.2,3.307966447,2.0796639,0.0005639,17.254908,0,0,1,,,20.3650458,0.0150453,0,48,0,54.4429962,0,0
1406297918,62.6,0,0,0,0,2087.222222,3.31956869,2.081431,0.0017671,17.254908,0,0,1,,,20.38063483,0.015589033,0,67.6,0,56.362996,0,0
1406297919,29.65,1,0,0,0,2133.4,3.329072291,2.0832801,0.0018491,17.254908,0,0,1,,,20.39550233,0.0148675,0,38.1,0,57.9539978,0,0
1406297920,0,1,0,0,0,2076,3.317227349,2.083718222,0.000438122,17.254908,0,0,1,,,20.41083567,0.015333333,0,-14,0,55.9330002,0,0
1406297921,0,0,0,0,0,1904.1,3.279689753,2.083789,7.07778E-05,17.254908,0,0,1,28.5624917,77.31719835,20.42734143,0.016505762,0,-20,0,51.3049989,0,0
1406297922,0,1,0,0,0,1795.1,3.254088647,2.083789,0,17.254908,0,0,1,,,20.43915729,0.011815857,0,-19.2,0,48.4669967,0,0
1406297923,45.5,0,0,0,0,1757.9,3.244994166,2.083895,0.000106,17.254908,0,0,1,,,20.4529555,0.013798214,0,21.7,0,47.1119994,0,0
1406297924,85.3,0,0,0,0,1792.4,3.253434935,2.0854341,0.0015391,17.254908,0,0,1,,,20.4669365,0.013981,0,77,0,48.6219972,0,0
1406297925,51.65,0,0,0,0,1872.2,3.272352241,2.0874293,0.0019952,17.254908,0,0,1,,,20.4804944,0.0135579,0,78.4,0,50.641108,0,0
1406297926,56.9,0,0,0,0,1945.8,3.289098199,2.089194222,0.001764922,17.254908,0,0,1,28.5619801,77.3175772,20.49389714,0.013402743,0,64.2,0,52.53454173,0,0
1406297927,37.16666667,0,0,0,0,1970.9,3.29466459,2.0907124,0.001518178,17.254908,0,0,1,,,20.50977743,0.015880286,0,31.8,0,53.16777222,0,0
1406297928,44.05,0,0,0,0,2010.333333,3.303268074,2.092338333,0.001625933,17.254908,0,0,1,,,20.524149,0.014371571,0,61.1,0,54.2939957,0,0
1406297929,66.6,0,0,0,0,2073.1,3.316620252,2.0942974,0.001959067,16.862751,0,0,1,,,20.53972329,0.015574286,0,66.2,0,56.0759963,0,0
1406297930,68.77777778,0,0,0,0,2144.3,3.331285546,2.096409778,0.002112378,16.862751,0,0,1,,,20.55433213,0.014608839,0,69.4,0,57.92999256,0,0
1406297931,52.2,0,0,0,0,2208.111111,3.344020923,2.0985735,0.002163722,16.862751,0,0,1,28.561421,77.31799937,20.57171083,0.017378708,0,60.1,0,59.6699968,1,0
1406297932,1.05,0,0,0,0,2198.1,3.342047446,2.099915556,0.001342056,16.862751,0,0,1,,,20.58879063,0.017079792,0,-5.9,0,59.6039963,1,0
1406297933,31.16666667,0,0,0,0,2209.222222,3.344239403,2.1008382,0.000922644,16.862751,0,0,1,,,20.60546143,0.016670804,0,36.7,0,59.37777533,1,0
1406297934,36.40909091,0,0,0,0,2234.4,3.349160923,2.1023643,0.0015261,16.862751,0,0,1,,,20.62128767,0.015826238,0,58.5,0,60.3599975,1,0
1406297935,8.55,0,0,0,0,2252.2,3.352606954,2.103553667,0.001189367,16.862751,0,0,1,,,20.638382,0.017094333,0,13.4,0,60.9709976,1,0
1406297936,0,0,0,0,0,2224.5,3.34723241,2.1038818,0.000328133,16.862751,0,0,1,,,20.65567833,0.017296333,0,-8.1,0,60.1359969,1,0
1406297937,6.35,0,0,0,0,2193,3.341038632,2.104303444,0.000421644,16.862751,0,0,1,,,20.67047686,0.014798524,0,2.888888889,0,59.1239944,0,0
1406297938,1.454545455,0,0,0,0,2146.9,3.331811816,2.104922,0.000618556,16.862751,0,0,1,,,20.68650917,0.01603231,0,-10.1,0,58.1609971,0,0
1406297939,9.944444444,0,0,0,0,2112.7,3.324837832,2.105583222,0.000661222,16.862751,0,0,1,,,20.702994,0.016484833,0,11.6,0,57.1129976,0,0
1406297940,5.5,0,0,0,0,2093.1,3.320789978,2.1062486,0.000665378,16.862751,0,0,1,,,20.7200775,0.0170835,0,2.6,0,56.5689957,0,0
1406297941,0,1,0,0,0,2033.3,3.308201461,2.106615556,0.000366956,16.862751,0,0,1,28.56027222,77.31900452,20.73453763,0.014460125,0,-14.5,0,54.8349975,0,0
1406297942,0,1,0,0,0,1958.444444,3.291911256,2.106677,6.14444E-05,16.862751,0,0,1,,,20.74944014,0.014902518,0,-20,0,52.85777111,0,0
1406297943,0,1,0,0,0,1853.8,3.268062878,2.106677,0,16.862751,0,0,1,,,20.76405271,0.014612571,0,-19.7,0,50.088997,0,0
1406297944,0,1,0,0,0,1772.444444,3.248572632,2.106677,0,16.862751,0,0,1,,,20.77781967,0.013766952,0,-19,0,47.92222089,0,0
1406297945,18.25,0,0,0,0,1727.2,3.237342629,2.1067804,0.0001034,16.862751,0,0,1,,,20.78948738,0.011667708,0,7.5,0,46.2899962,0,0
1406297946,4.15,0,0,0,0,1700.555556,3.230590824,2.107948889,0.001168489,16.862751,0,0,1,28.55990713,77.31958608,20.802598,0.013110625,0,16.9,0,46.36444256,0,0
1406297947,0,1,0,0,0,1665,3.221414238,2.1086001,0.000651211,16.862751,0,0,1,,,20.815357,0.012759,0,-11,0,44.9479981,0,0
1406297948,0,1,0,0,0,1592.3,3.202024895,2.1089812,0.0003811,16.862751,0,0,1,,,20.82822843,0.012871429,0,-11.7,0,42.9889968,0,0
1406297949,0,0,0,0,0,1538.5,3.187097501,2.10937,0.0003888,16.862751,0,0,1,,,20.839557,0.011328571,0,-9.8,0,41.5339965,0,0
1406297950,0,0,0,0,0,1491.8,3.173710603,2.109730778,0.000360778,16.862751,0,0,1,,,20.85153086,0.011973857,0,-9,0,40.2679964,0,0
1406297951,8.388888889,0,0,0,0,1459.9,3.164323109,2.1100926,0.000361822,16.862751,0,0,1,28.55962778,77.32009782,20.86124871,0.009717857,0,-1.1,0,39.39332744,0,0
1406297952,31.95,0,0,0,0,1460.2,3.164412344,2.110869444,0.000776844,16.862751,0,0,1,,,20.87215314,0.010904429,0,40.33333333,0,39.2389954,0,0
1406297953,27.13636364,0,0,0,0,1489.4,3.17301135,2.111976,0.001106556,16.862751,0,0,1,,,20.883443,0.011289857,0,42.1,0,40.3269959,0,0
1406297954,0,0,0,0,0,1466.6,3.166311681,2.1127227,0.0007467,16.862751,0,0,1,,,20.89483767,0.011394667,0,-5.5,0,39.6609969,0,0
1406297955,26.2,0,0,0,0,1421.6,3.152777415,2.1130721,0.0003494,16.862751,0,0,1,,,20.90457829,0.009740619,0,16.8,0,38.088997,0,0
1406297956,36.22222222,0,0,0,0,1454.111111,3.162597593,2.1141768,0.0011047,16.862751,0,0,1,28.55937397,77.32056352,20.91567113,0.011092839,0,54.9,0,39.3969987,0,0
1406297957,54.04545455,0,0,0,0,1523.818182,3.182933151,2.115390333,0.001213533,16.862751,0,0,1,,,20.92739988,0.01172875,0,60.2,0,41.3439972,0,0
1406297958,11.61111111,0,0,0,0,1538.222222,3.187019081,2.1163305,0.000940167,16.862751,0,0,1,,,20.9389635,0.011563625,0,6.5,0,41.68666411,0,0
1406297959,35.8,0,0,0,0,1576.1,3.197583769,2.117276,0.0009455,16.862751,0,0,1,,,20.94993888,0.010975375,0,63.4,0,42.5589981,0,0
1406297960,4.5,0,0,0,0,1601.222222,3.204451609,2.118330444,0.001054444,16.862751,0,0,1,,,20.96202771,0.012088839,0,13.6,0,43.47555378,0,0
1406297961,33.55,0,0,0,0,1618.7,3.209166367,2.1190482,0.000717756,16.862751,0,0,1,28.55912003,77.3210544,20.97475386,0.012726143,0,48.2,0,43.4219972,0,0
1406297962,10.55,0,0,0,0,1629.4,3.212027712,2.120114,0.0010658,16.862751,0,0,1,,,20.98602557,0.011271714,0,11.4,0,44.1639998,0,0
1406297963,14.1,0,0,0,0,1638.111111,3.214343356,2.1208439,0.0007299,16.862751,0,0,1,,,20.9983285,0.012302929,0,25.1,0,44.33777533,0,0
1406297964,9.8,0,0,0,0,1635.272727,3.213590194,2.1214157,0.0005718,16.862751,0,0,1,,,21.01184086,0.013512357,0,8.9,0,43.76908873,0,0
1406297965,26.6,0,0,0,0,1648.2,3.21700991,2.122453444,0.001037744,16.862751,0,0,1,,,21.023929,0.012088143,0,45.22222222,0,44.47222022,0,0
1406297966,13.2,0,0,0,0,1696.444444,3.229539642,2.1237449,0.001291456,16.862751,0,0,1,28.55885137,77.32157823,21.03663317,0.012704167,0,30.2,0,45.8129975,0,0
1406297967,0,1,0,0,0,1685.8,3.22680605,2.124378333,0.000633433,16.862751,0,0,1,,,21.04862163,0.011988458,0,-9.6,0,45.5969972,0,0
1406297968,0.944444444,1,0,0,0,1647.8,3.216904499,2.1247374,0.000359067,16.862751,0,0,1,,,21.06112317,0.012501542,0,-12.1,0,44.5139999,0,0
1406297969,10.1,0,0,0,0,1643.3,3.215716855,2.1254683,0.0007309,16.862751,0,0,1,,,21.07387417,0.012751,0,12.7,0,44.4139968,0,0
1406297970,15.65,0,0,0,0,1654.1,3.218561762,2.1263504,0.0008821,16.862751,0,0,1,,,21.08529067,0.0114165,0,23.1,0,44.5449968,0,0
1406297971,0,1,0,0,0,1636.1,3.213809845,2.127106,0.0007556,16.862751,0,0,1,28.558589,77.32212433,21.09898243,0.013691762,0,-7.2,0,44.3339995,0,0
1406297972,0,1,0,0,0,1617.444444,3.208829373,2.127502,0.000396,16.862751,0,0,1,,,21.11028788,0.011305446,0,-12.7,0,43.63110867,0,0
1406297973,0,1,0,0,0,1586,3.200303183,2.127846889,0.000344889,16.862751,0,0,1,,,21.122409,0.012121125,0,-12,0,42.8699981,0,0
1406297974,15.35,0,0,0,0,1574.555556,3.197157989,2.1282882,0.000441311,16.862751,0,0,1,,,21.13371013,0.011301125,0,18.6,0,42.2009993,0,0
1406297975,0,1,0,0,0,1553.6,3.191339213,2.129056222,0.000768022,16.862751,0,0,1,,,21.14507233,0.011362208,0,-4.3,0,42.29999789,0,0
1406297976,23.4,0,0,0,0,1547.5,3.189630658,2.1294558,0.000399578,16.862751,0,0,1,28.55831922,77.32264078,21.15757929,0.012506952,0,23.6,0,41.5079974,0,0
1406297977,22.35,1,0,0,0,1577.9,3.198079476,2.1306879,0.0012321,16.862751,0,0,1,,,21.16877814,0.011198857,0,27.5,0,42.7879962,0,0
1406297978,22.35,0,0,0,0,1562.6,3.19384782,2.131227778,0.000539878,16.862751,0,0,1,,,21.180103,0.011324857,0,11.55555556,0,42.00777522,0,0
1406297979,68.45,0,0,0,0,1616.5,3.208575709,2.1324436,0.001215822,16.862751,0,0,1,,,21.19263433,0.012531333,0,67.5,0,43.58908782,0,0
1406297980,78.35,0,0,0,0,1697.3,3.229758611,2.133974667,0.001531067,16.862751,0,0,1,,,21.20485267,0.012218333,0,72.2,0,45.9449981,0,0
1406297981,84.65,0,0,0,0,1786.555556,3.252016526,2.1357353,0.001760633,16.862751,0,0,1,28.5579988,77.323131,21.21872517,0.0138725,0,76.6,0,48.27333244,0,0
1406297982,83.55,0,0,0,0,1877.5,3.273579946,2.1375714,0.0018361,16.862751,0,0,1,,,21.23066033,0.011935167,0,77.8,0,50.6889985,0,0
1406297983,22.35,0,0,0,0,1945.3,3.288986587,2.139327556,0.001756156,16.862751,0,0,1,,,21.2459038,0.015243467,0,29.4,0,52.8439972,0,0
1406297984,51.25,0,0,0,0,1985.8,3.297935506,2.1404408,0.001113244,16.862751,0,0,1,,,21.25996813,0.014064325,0,57.8,0,53.3259965,0,0
1406297985,60.8,0,0,0,0,2055.9,3.313001987,2.142206444,0.001765644,16.862751,0,0,1,,,21.27618329,0.016215161,0,65.88888889,0,55.5399949,0,0
1406297986,30.4,0,0,0,0,2120.5,3.326438277,2.143843,0.001636556,16.862751,0,0,1,28.55760128,77.3236859,21.29162514,0.015441857,0,37,0,57.28666511,0,0
1406297987,3.388888889,0,0,0,0,2126.333333,3.327631347,2.1450035,0.0011605,16.862751,0,0,1,,,21.30786317,0.016238024,0,5.9,0,57.7559968,0,0
1406297988,0,0,0,0,0,2102.3,3.32269469,2.145447111,0.000443611,16.862751,0,0,1,,,21.32298543,0.015122262,0,-24.3,0,56.8689973,0,0
1406297989,21.94444444,0,0,0,0,2084.666667,3.319036622,2.1457975,0.000350389,16.862751,0,0,1,,,21.338212,0.015226571,0,14.77777778,0,55.96110711,0,0
1406297990,0,1,0,0,0,2070.7,3.316117183,2.1470056,0.0012081,16.862751,0,0,1,,,21.354385,0.016173,0,-3.8,0,56.1669968,0,0
1406297991,0,1,0,0,0,2007.9,3.30274208,2.147327778,0.000322178,16.862751,0,0,1,,,21.37060483,0.016219833,0,-16.45454545,0,54.2609971,0,0
1406297992,0,1,0,0,0,1904.2,3.279712561,2.147363,3.52222E-05,16.862751,0,0,1,,,21.38430033,0.0136955,0,-20.1,0,51.4069962,0,0
1406297993,0,1,0,0,0,1637.9,3.214287383,2.147363,0,16.862751,0,0,1,,,21.39797414,0.01367381,0,-19.88888889,0,44.1409959,0,0
1406297994,0,1,0,0,0,1306.5,3.116109414,2.1474979,0.0001349,16.862751,0,0,1,,,21.40893214,0.010958,0,-7.1,0,35.236998,0,0
1406297995,0,1,0,0,0,1223.2,3.087497472,2.147812889,0.000314989,16.862751,0,0,1,,,21.4184685,0.009536357,0,-5.5,0,33.0199982,0,0
1406297996,16.65,0,0,0,0,1205.5,3.081167215,2.1480932,0.000280311,16.862751,0,0,1,28.5567912,77.32476118,21.42668971,0.008221214,0,8,0,32.22111,0,0
1406297997,30.45,0,0,0,0,1238.1,3.092755724,2.1489675,0.0008743,16.862751,0,0,1,,,21.43609,0.009400286,0,55,0,33.38272245,0,0
1406297998,59.3,0,0,0,0,1315.1,3.118958778,2.1501037,0.0011362,16.862751,0,0,1,,,21.44550525,0.00941525,0,61.2,0,35.5219971,0,0
1406297999,42.55,0,0,0,0,1385.4,3.141575183,2.1513277,0.001224,16.862751,0,0,1,,,21.45621657,0.010711321,0,39.7,0,37.65888811,0,0
1406298000,0,1,0,0,0,1381.444444,3.140333424,2.151935778,0.000608078,16.862751,0,0,1,,,21.46515986,0.008943286,0,-4.8,0,37.3759978,0,0
1406298001,0,1,0,0,0,1343.3,3.128173015,2.1522013,0.000265522,16.862751,0,0,1,28.55649282,77.32512575,21.47578557,0.010625714,0,-6,0,36.2509964,0,0
1406298002,0,1,0,0,0,1315.9,3.119222887,2.1525029,0.0003016,16.862751,0,0,1,,,21.48533263,0.009547054,0,-6.1,0,35.620996,0,0
1406298003,0,0,0,0,0,1294,3.111934276,2.152844444,0.000341544,16.862751,0,0,1,,,21.49569171,0.010359089,0,-4.5,0,34.85777456,0,0
1406298004,0,0,0,0,0,1272.1,3.104521253,2.153289,0.000444556,16.862751,0,0,1,,,21.50590583,0.010214119,0,-5.1,0,34.4699965,0,0
1406298005,21.2,0,0,0,0,1274.4,3.105305763,2.153735444,0.000446444,16.862751,0,0,1,,,21.51454529,0.008639452,0,18.2,0,34.2869965,0,0
1406298006,28.6,0,0,0,0,1312.4,3.118066222,2.1548622,0.001126756,16.862751,0,0,1,,,21.52509986,0.010554571,0,47.6,0,35.5249955,0,0
1406298007,36.75,0,0,0,0,1371.1,3.137069131,2.1560383,0.0011761,16.862751,0,0,1,,,21.5349224,0.009822543,0,45.9,0,37.0889983,0,0
1406298008,0.85,0,0,0,0,1383.3,3.140916377,2.157046667,0.001008367,16.862751,0,0,1,,,21.5452598,0.0103374,0,1.444444444,0,37.636998,0,0
1406298009,0,0,0,0,0,1361.4,3.133985746,2.1574524,0.000405733,16.862751,0,0,1,,,21.55472833,0.009468533,0,-6.9,0,36.7709962,0,0
1406298010,8.05,0,0,0,0,1357.666667,3.132793155,2.157893444,0.000441044,16.862751,0,0,1,,,21.5654915,0.010763167,0,10.5,0,36.37888233,0,0
1406298011,0,1,0,0,0,1320.8,3.12083706,2.1583891,0.000495656,16.862751,0,0,1,,,21.57567,0.0101785,0,-2.333333333,0,35.8679978,0,0
1406298012,0,0,0,0,0,1281.6,3.107752499,2.158661,0.0002719,16.862751,0,0,1,,,21.58530943,0.009639429,0,-5.6,0,34.6719971,0,0
1406298013,27.9,0,0,0,0,1277.1,3.106224905,2.1591277,0.0004667,16.862751,0,0,1,,,21.59444957,0.009140143,0,28.4,0,34.175998,0,0
1406298014,70.72222222,0,0,0,0,1303.2,3.115011071,2.160073222,0.000945522,16.862751,0,0,1,,,21.60411175,0.009662179,0,38.9,0,35.0649978,0,0
1406298015,29.61111111,1,0,0,0,1338.444444,3.126600349,2.1612338,0.001160578,16.862751,0,0,1,,,21.61327286,0.009161107,0,36.4,0,36.52222189,0,0
1406298016,0,1,0,0,0,1160.3,3.064570292,2.1618217,0.0005879,16.862751,0,0,1,28.55556663,77.32614557,21.62405557,0.010782714,0,-9.2,3,34.8339967,0,0
1406298017,0,1,0,0,0,884.1,2.946501391,2.162121556,0.000299856,16.862751,0,0,1,,,21.63319643,0.009140857,0,0.6,2,30.47777478,0,0
1406298018,0,1,0,0,0,924.7777778,2.966037385,2.1624488,0.000327244,16.862751,0,0,1,,,21.64053629,0.007339857,0,-3.5,2,24.3089973,0,0
1406298019,32.1,1,0,0,0,1079.6,3.033262876,2.162783222,0.000334422,16.862751,0,0,1,,,21.64675625,0.006219964,0,16.5,2,21.5719964,0,0
1406298020,87.75,0,0,0,0,1170.8,3.068482714,2.1636405,0.000857278,16.862751,0,0,1,,,21.65295025,0.006194,0,80.9,1,23.5089974,0,0
1406298021,83.2,0,0,0,0,1329.4,3.123655674,2.1646815,0.001041,16.862751,0,0,1,28.55532637,77.3264027,21.659913,0.00696275,0,83.6,0,26.6949974,0,0
1406298022,82,0,0,0,0,1493,3.174059808,2.165971,0.0012895,16.862751,0,0,1,,,21.6678978,0.0079848,0,87.1,0,29.9279953,0,0
1406298023,86.2,0,0,0,0,1650.1,3.217510264,2.1674955,0.0015245,16.862751,0,0,1,,,21.67625743,0.008359629,0,82.88888889,0,33.1769988,0,0
1406298024,44.22222222,0,0,0,0,1749.333333,3.242872572,2.168982889,0.001487389,16.862751,0,0,1,,,21.68583933,0.009581905,0,46.8,0,35.178884,0,0
1406298025,56.3,0,0,0,0,1812.2,3.258206126,2.1705,0.001517111,16.862751,0,0,1,,,21.69635183,0.0105125,0,66.2,0,36.5179977,0,0
1406298026,96.4,0,0,0,0,1904.1,3.279689753,2.1721452,0.0016452,16.862751,0,0,1,28.55516213,77.3268066,21.70670067,0.010348833,0,82.5,0,38.0919982,0,0
1406298027,59.4,0,0,0,0,2008.5,3.302871836,2.1741879,0.0020427,16.862751,0,0,1,,,21.71721933,0.010518667,0,79.1,0,40.2639955,0,0
1406298028,12.65,0,0,0,0,2073.1,3.316620252,2.175827111,0.001639211,16.862751,0,0,1,,,21.72920367,0.011984333,0,25.2,0,41.8279983,0,0
1406298029,0,1,0,0,0,2027.9,3.307046535,2.1763181,0.000490989,16.862751,0,0,1,,,21.739338,0.010134333,0,-20.4,0,40.6320007,0,0
1406298030,0,1,0,0,0,1897.9,3.278273326,2.176506444,0.000188344,16.862751,0,0,1,,,21.75070057,0.011362571,0,-25,0,38.29221922,0,0
1406298031,13.66666667,0,0,0,0,1787.777778,3.252313535,2.176532,2.55556E-05,16.862751,0,0,1,,,21.76078471,0.010084143,0,-14.5,0,35.6549986,0,0
1406298032,72.55,0,0,0,0,1812.2,3.258206126,2.177416556,0.000884556,16.862751,0,0,1,,,21.77119514,0.010410429,0,88.6,0,36.3959976,0,0
1406298033,88.5,0,0,0,0,1970.555556,3.294588683,2.1795527,0.002136144,16.862751,0,0,1,,,21.781681,0.010485857,0,110.6,0,39.46888711,0,0
1406298034,30.2,0,0,0,0,2081.2,3.318313817,2.18147,0.0019173,16.862751,0,0,1,,,21.79228789,0.010606889,0,48.9,0,42.074441,0,0
1406298035,16.65,1,0,0,0,2090.6,3.320270946,2.1823661,0.0008961,16.862751,0,0,1,,,21.80368833,0.011400444,0,26.4,0,41.8529968,0,0
1406298036,0,1,0,0,0,1996.7,3.300312818,2.182875,0.0005089,16.862751,0,0,1,28.5545496,77.32768008,21.81592283,0.0122345,0,-20.5,0,40.2949982,0,0
1406298037,34.1,0,0,0,0,2010.5,3.303304077,2.183615556,0.000740556,16.862751,0,0,1,,,21.825916,0.009993167,0,85.55555556,2,40.0909957,0,0
1406298038,0,0,0,0,0,2024,3.306210508,2.184578111,0.000962556,16.862751,0,0,1,,,21.83794913,0.012033125,0,-11,0,40.838997,0,0
1406298039,39.54545455,0,0,0,0,2010.8,3.303368877,2.1849807,0.000402589,16.862751,0,0,1,,,21.84928267,0.011333542,0,46.3,0,40.0729951,0,0
1406298040,29.05,0,0,0,0,2129.7,3.328318431,2.186777,0.0017963,16.862751,0,0,1,,,21.85973483,0.010452167,0,84.5,0,42.6049972,0,0
1406298041,11.33333333,0,0,0,0,2167.4,3.335939069,2.188004444,0.001227444,16.862751,0,0,1,28.55423085,77.32811972,21.87238171,0.012646881,0,14.6,0,43.4119964,0,0
1406298042,32.4,0,0,0,0,2213.2,3.345020662,2.189344,0.001339556,16.862751,0,0,1,,,21.88570914,0.013327429,0,65.66666667,0,44.2779999,0,0
1406298043,38.85,0,0,0,0,2322.1,3.365880918,2.191175,0.001831,16.862751,0,0,1,,,21.8967575,0.011048357,0,78.8,0,46.5269959,0,0
1406298044,25.11111111,0,0,0,0,2399,3.380030248,2.1929689,0.0017939,16.862751,0,0,1,,,21.9107168,0.0139593,0,34.8,0,48.10443989,0,0
1406298045,34.25,0,0,0,0,2431.7,3.385909995,2.1944231,0.0014542,16.862751,0,0,1,,,21.9241002,0.0133834,0,47.5,0,48.7049975,0,0
1406298046,6.35,0,0,0,0,2470.777778,3.392833687,2.196076222,0.001653122,16.862751,0,0,1,28.55387443,77.32860347,21.93705271,0.012952514,0,10.4,0,49.8159988,0,0
1406298047,9.277777778,0,0,0,0,2441,3.387567779,2.1966402,0.000563978,16.862751,0,0,1,,,21.9503345,0.013281786,0,-13.7,0,48.6049988,0,0
1406298048,85.5,0,0,0,0,2478.8,3.394241487,2.1982297,0.0015895,16.862751,0,0,1,,,21.96387183,0.013537333,0,97.8,0,49.8759966,0,0
1406298049,100,0,0,0,0,2651.9,3.423557143,2.201030444,0.002800744,16.862751,0,0,1,,,21.97915871,0.015286881,0,109.5,0,53.225998,0,0
1406298050,96.3,0,0,0,0,2831.4,3.452001228,2.2038103,0.002779856,16.862751,0,0,1,,,21.99466633,0.015507619,0,111.2,0,56.65999678,0,0
1406298051,81.35,0,0,0,0,3006.6,3.478075653,2.206701667,0.002891367,16.862751,0,0,1,28.55346327,77.32914493,22.00866814,0.01400181,0,109.6666667,0,59.9979965,1,0
1406298052,33.9,0,0,0,0,3050.333333,3.484347301,2.2096698,0.002968133,16.862751,0,0,1,,,22.02765214,0.018984,0,55.1,1,62.8179946,1,0
1406298053,18.2,0,0,0,0,2325.2,3.366460314,2.2105602,0.0008904,16.862751,0,0,1,,,22.04456643,0.016914286,0,6.9,3,62.6609956,1,0
1406298054,86.05,0,0,0,0,2360.1,3.372930405,2.2123483,0.0017881,16.862751,0,0,1,,,22.0625416,0.017975171,0,79.3,0,63.8309965,1,0
1406298055,55.65,0,0,0,0,2429.7,3.385552654,2.214579889,0.002231589,16.862751,0,0,1,,,22.080445,0.0179034,0,58.9,0,65.5969971,1,0
1406298056,79.45,0,0,0,0,2500.5,3.398026859,2.216717333,0.002137444,16.862751,0,0,1,28.55293327,77.32977473,22.09728643,0.016841429,0,78.77777778,0,67.5059967,1,0
1406298057,64.35,0,0,0,0,2578.1,3.411299759,2.2192476,0.002530267,16.862751,0,0,1,,,22.11660233,0.019315905,0,72,0,69.7519974,1,0
1406298058,63.44444444,0,0,0,0,2622.5,3.418715497,2.2211711,0.0019235,16.862751,0,0,1,,,22.13565871,0.019056381,0,49.7,0,70.58222111,1,0
1406298059,91.75,0,0,0,0,2689.222222,3.429626691,2.223694556,0.002523456,16.862751,0,0,1,,,22.15636775,0.020709036,0,81.5,0,72.501996,1,0
1406298060,32.3,0,0,0,0,2727.7,3.435796604,2.225734778,0.002040222,16.862751,0,0,1,,,22.177441,0.02107325,0,30,0,73.63111022,1,0
1406298061,73.77777778,0,0,0,0,2762.666667,3.441328488,2.227814273,0.002079495,16.862751,0,0,1,28.55232448,77.33047392,22.19760217,0.020161167,0,67.8,0,74.6669955,1,0
1406298062,76.65,0,0,0,0,2827.2,3.451356532,2.230680889,0.002866616,16.862751,0,0,1,,,22.217803,0.020200833,0,64.7,0,76.35221856,1,0
1406298063,49.05,0,0,0,0,2887.6,3.460537033,2.2334844,0.002803511,16.862751,0,0,1,,,22.23915017,0.021347167,0,58.9,0,77.9389954,1,0
1406298064,47.61111111,0,0,0,0,2941.888889,3.468626266,2.235971444,0.002487044,16.862751,0,0,1,,,22.26056067,0.0214105,0,63,0,79.4619963,1,0
1406298065,40.18181818,0,0,0,0,2948.818182,3.469647996,2.2379196,0.001948156,16.862751,0,0,1,,,22.28408786,0.02352719,0,22.4,0,79.7029953,1,0
1406298066,7,0,0,0,0,2948.777778,3.469642045,2.239839333,0.001919733,16.862751,0,0,1,28.5516451,77.33123263,22.30659933,0.022511476,0,9.6,0,79.9379959,1,0
1406298067,0,0,0,0,0,2896.5,3.461873533,2.2403273,0.000487967,16.862751,0,0,1,,,22.32916033,0.022561,0,-21.9,0,78.2109954,1,0
1406298068,3.9,0,0,0,0,2838.1,3.453027694,2.240359,3.17E-05,16.862751,0,0,1,,,22.34888814,0.01972781,0,-16.55555556,0,76.5199967,1,0
1406298069,55.55,0,0,0,0,2851.2,3.455027682,2.241649333,0.001290333,16.862751,0,0,1,,,22.370672,0.021783857,0,69.9,0,76.9479981,1,0
1406298070,33.8,0,0,0,0,2897.7,3.462053421,2.2438405,0.002191167,16.862751,0,0,1,,,22.39178517,0.021113167,0,41.1,0,78.2259948,1,0
1406298071,4.65,1,0,0,0,2871.6,3.458123945,2.244996222,0.001155722,16.862751,0,0,1,28.55094877,77.33199288,22.413783,0.021997833,0,6.1,0,77.9289961,1,0
1406298072,0,1,0,0,0,2813.9,3.449308659,2.2453501,0.000353878,16.862751,0,0,1,,,22.43404383,0.020260833,0,-18.6,0,76.0709946,1,0
1406298073,0,1,0,0,0,2709.777778,3.432933677,2.245358,7.9E-06,16.862751,0,0,1,,,22.45693314,0.02288931,0,-20,0,73.26555056,1,0
1406298074,0,1,0,0,0,2583.7,3.412242085,2.245358,0,16.862751,0,0,1,,,22.47648167,0.019548524,0,-19.9,0,69.8539963,1,0
1406298075,64.9,0,0,0,0,2547,3.406028945,2.2457952,0.0004372,16.862751,0,0,1,,,22.49402129,0.017539619,0,39.3,0,68.441108,1,0
1406298076,66.1,0,0,0,0,2601.3,3.415190441,2.248281889,0.002486689,16.862751,0,0,1,28.5503175,77.33269108,22.51376329,0.019742,0,68,0,70.3759964,1,0
1406298077,0,1,0,0,0,2589.7,3.413249457,2.2498416,0.001559711,16.862751,0,0,1,,,22.53363333,0.019870048,0,-8.7,0,70.1139954,1,0
1406298078,17.95,1,0,0,0,2540.5,3.404919199,2.2500007,0.0001591,16.862751,0,0,1,,,22.5514825,0.017849167,0,-0.9,0,68.23110978,1,0
1406298079,68.05,0,0,0,0,2549.6,3.40647205,2.251584778,0.001584078,16.862751,0,0,1,,,22.57233017,0.020847667,0,62.2,0,68.7819975,1,0
1406298080,92.65,0,0,0,0,2622.444444,3.418706297,2.2541335,0.002548722,16.862751,0,0,1,,,22.59120857,0.018878405,0,79.22222222,0,70.8999984,1,0
1406298081,93.7,0,0,0,0,2693.6,3.430333103,2.257140444,0.003006944,16.862751,0,0,1,28.54970517,77.33335858,22.60942843,0.018219857,0,67,0,72.8809967,1,0
1406298082,100,0,0,0,0,2760.9,3.441050677,2.259958222,0.002817778,16.862751,0,0,1,,,22.63040429,0.020975857,0,68,0,74.6879973,1,0
1406298083,39.9,0,0,0,0,2808.6,3.448489892,2.2628309,0.002872678,16.862751,0,0,1,,,22.65014267,0.019738381,0,35.6,0,76.0869934,1,0
1406298084,0,0,0,0,0,2773.2,3.442981192,2.263774,0.0009431,16.862751,0,0,1,,,22.6738765,0.023733833,0,-21.3,0,74.96221933,1,0
1406298085,69.05,0,0,0,0,2754.8,3.440090074,2.2644044,0.0006304,16.862751,0,0,1,,,22.69249457,0.018618071,0,36.44444444,0,74.0109969,1,0
1406298086,69.2,0,0,0,0,2801.4,3.447375124,2.267015444,0.002611044,16.862751,0,0,1,28.54903163,77.3340786,22.712366,0.019871429,0,60.9,0,75.6159972,1,0
1406298087,20.88888889,0,0,0,0,2837,3.452859336,2.2695477,0.002532256,16.862751,0,0,1,,,22.735598,0.023232,0,34.5,0,76.8789948,1,0
1406298088,60.25,0,0,0,0,2869.8,3.457851631,2.271209,0.0016613,16.862751,0,0,1,,,22.7565386,0.0209406,0,59.54545455,0,77.2429962,1,0
1406298089,41.16666667,0,0,0,0,2901.444444,3.462614259,2.273701556,0.002492556,16.470594,0,0,1,,,22.7781338,0.0215952,0,49.77777778,0,78.63666278,1,0
1406298090,87.4,0,0,0,0,2950.111111,3.469838373,2.275530111,0.001828556,16.470594,0,0,1,,,22.80035017,0.022216367,0,70.4,0,79.47999567,1,0
1406298091,96.77777778,0,0,0,0,3021.1,3.480165101,2.2788649,0.003334789,16.470594,0,0,1,,,22.82189717,0.021547,0,84.9,0,81.6789961,1,0
1406298092,82.31818182,0,0,0,0,3103.444444,3.491843975,2.2824421,0.0035772,16.470594,0,0,1,,,22.84552014,0.023622976,0,85.5,0,83.82666356,1,0
1406298093,100,0,0,0,0,3186,3.503245771,2.285670444,0.003228344,16.470594,0,0,1,,,22.867112,0.021591857,0,86.9,0,86.051999,1,0
1406298094,50.85,0,0,0,0,3245,3.511214701,2.2892943,0.003623856,16.470594,0,0,1,,,22.89165883,0.024546833,0,53.4,0,88.0329925,1,0
1406298095,30.45,0,0,0,0,3266.3,3.514056071,2.2910512,0.0017569,16.470594,0,0,1,,,22.91557467,0.023915833,0,27.1,0,87.970996,1,0
1406298096,58.65,0,0,0,0,3257,3.512817759,2.292922111,0.001870911,16.470594,0,0,1,28.54756625,77.33563817,22.940671,0.025096333,0,51.5,0,88.145996,1,0
1406298097,68.15,0,0,0,0,3324.9,3.521778588,2.2961154,0.003193289,16.470594,0,0,1,,,22.96615957,0.025488571,0,82.44444444,0,89.7929947,1,0
1406298098,44.55,0,0,0,0,3386.8,3.529789551,2.299397,0.0032816,16.470594,0,0,1,,,22.99124686,0.025087286,0,70.6,0,91.5949981,1,0
1406298099,0,0,0,0,0,3364.8,3.526959255,2.3013938,0.0019968,16.470594,0,0,1,,,23.01446171,0.023214857,0,-7.2,0,91.1669955,1,0
1406298100,11.05,1,0,0,0,3315.7,3.520575229,2.3015689,0.0001751,16.470594,0,0,1,,,23.0416248,0.027163086,0,-22.3,0,89.1439941,1,0
1406298101,17.9,0,0,0,0,3272.444444,3.514872282,2.303070889,0.001501989,16.470594,0,0,1,,,23.066166,0.0245412,0,19.6,0,88.7539931,1,0
1406298102,25.33333333,0,0,0,0,3243.1,3.51096034,2.3039446,0.000873711,16.470594,0,0,1,,,23.09020757,0.024041571,0,1.5,0,87.33777356,1,0
1406298103,62.65,0,0,0,0,3264.777778,3.513853626,2.306365,0.0024204,16.470594,0,0,1,,,23.11479,0.024582429,0,57.4,0,88.220999,1,0
1406298104,0,0,0,0,0,3233.9,3.509726586,2.308285,0.00192,16.470594,0,0,1,,,23.13959467,0.024804667,0,-22.3,0,87.65110444,1,0
1406298105,4.4,0,0,0,0,3171.9,3.501319487,2.308404778,0.000119778,16.470594,0,0,1,,,23.1631386,0.023543933,0,-25.6,0,85.4069946,1,0
1406298106,64.65,0,0,0,0,3162.222222,3.499992386,2.3099301,0.001525322,16.470594,0,0,1,28.54603775,77.33741417,23.18634257,0.023203971,0,65.9,0,85.47999567,1,0
1406298107,99.9,0,0,0,0,3243.272727,3.51098347,2.3135473,0.0036172,16.470594,0,0,1,,,23.20958157,0.023239,0,86.6,0,87.5719956,1,0
1406298108,33.25,0,0,0,0,3299,3.518382316,2.317167,0.0036197,16.470594,0,0,1,,,23.23443871,0.024857143,0,43.6,0,89.3349962,1,0
1406298109,0,1,0,0,0,3262.888889,3.513602285,2.3180461,0.0008791,16.470594,0,0,1,,,23.25977133,0.025332619,0,-11.4,0,88.307994,1,0
1406298110,0,1,0,0,0,3154.7,3.498958066,2.318173,0.0001269,16.470594,0,0,1,,,23.28316771,0.023396381,0,-20,0,85.18332944,1,0
1406298111,0,1,0,0,0,2946.1,3.469247484,2.318173,0,16.470594,0,0,1,28.54534155,77.33834237,23.30593571,0.022768,0,-20,0,79.7449951,1,0
1406298112,0,1,0,0,0,2735.5,3.437036719,2.318173,0,16.470594,0,0,1,,,23.32744883,0.021513119,0,-20,0,74.1309967,1,0
1406298113,0,1,0,0,0,2619.3,3.418185243,2.318173,0,16.470594,0,0,1,,,23.34605314,0.01860431,0,-19.8,0,70.8439956,1,0
1406298114,0,1,0,0,0,2557.4,3.407798661,2.318173,0,16.470594,0,0,1,,,23.36612167,0.020068524,0,-20,0,69.1159943,1,0
1406298115,0,1,0,0,0,2424.7,3.384658012,2.318173,0,16.470594,0,0,1,,,23.38679771,0.020676048,0,-20,0,65.5979997,1,0
1406298116,0,1,0,0,0,2189.3,3.340305277,2.318173,0,16.470594,0,0,1,28.5447813,77.33913942,23.403254,0.016456286,0,-20,0,59.2629959,1,0
1406298117,0,1,0,0,0,1957.111111,3.291615483,2.318173,0,16.470594,0,0,1,,,23.41853929,0.015285286,0,-20,0,52.994439,0,0
1406298118,46.4,0,0,0,0,1862.2,3.270026322,2.3183161,0.0001431,16.470594,0,0,1,,,23.432478,0.013938714,0,22.1,0,50.0629959,0,0
1406298119,100,0,0,0,0,1915.6,3.282304828,2.320098556,0.001782456,16.470594,0,0,1,,,23.446453,0.013975,0,74.4,0,51.7299957,0,0
1406298120,100,0,0,0,0,1991.6,3.299202118,2.3223063,0.002207744,16.470594,0,0,1,,,23.462031,0.015578,0,69.6,0,53.7849945,0,0
1406298121,86.72222222,0,0,0,0,2058.777778,3.313609472,2.324257889,0.001951589,16.470594,0,0,1,28.54439398,77.33973807,23.47600613,0.013975125,0,70.4,0,55.64444144,0,0
1406298122,55.45,0,0,0,0,2121.1,3.326561144,2.3264312,0.002173311,16.470594,0,0,1,,,23.49237583,0.016369708,0,52.11111111,0,57.4769958,0,0
1406298123,25.5,0,0,0,0,2140.2,3.33045436,2.327657444,0.001226244,16.470594,0,0,1,,,23.50804314,0.01566731,0,23.8,0,57.62999478,0,0
1406298124,54.85,0,0,0,0,2187.666667,3.33998115,2.3294038,0.001746356,16.470594,0,0,1,,,23.5241242,0.016081057,0,64.9,0,58.9369979,1,0
1406298125,5.45,0,0,0,0,2200.272727,3.342476516,2.330907778,0.001503978,16.470594,0,0,1,,,23.53921314,0.015088943,0,6,0,59.7529969,1,0
1406298126,3.1,0,0,0,0,2168.1,3.336079309,2.3313508,0.000443022,16.470594,0,0,1,,,23.55673986,0.017526714,0,-6.8,0,58.630908,0,0
1406298127,0,0,0,0,0,2127,3.32776749,2.331719556,0.000368756,16.470594,0,0,1,,,23.57262614,0.015886286,0,-10.1,0,57.59999611,0,0
1406298128,26.9,0,0,0,0,2112.4,3.324776159,2.3321209,0.000401344,16.470594,0,0,1,,,23.5888606,0.016234457,0,30.4,0,56.82181345,0,0
1406298129,43.75,0,0,0,0,2162,3.33485569,2.333847333,0.001726433,16.470594,0,0,1,,,23.60527333,0.016412733,0,69.66666667,0,58.42999789,0,0
1406298130,86.94444444,0,0,0,0,2231.3,3.348557965,2.335777,0.001929667,16.470594,0,0,1,,,23.62198933,0.016716,0,79,0,60.2369966,1,0
1406298131,47.05,0,0,0,0,2311.111111,3.363820826,2.3380105,0.0022335,16.470594,0,0,1,28.54356515,77.34105753,23.63871917,0.016729833,0,71.5,0,62.41333178,1,0
1406298132,9.95,0,0,0,0,2340.9,3.369382862,2.339614222,0.001603722,16.470594,0,0,1,,,23.6552758,0.016556633,0,15.7,0,63.4599962,1,0
1406298133,55.05555556,0,0,0,0,2366.555556,3.374116704,2.3407206,0.001106378,16.470594,0,0,1,,,23.67116471,0.015888914,0,66.4,0,63.74555122,1,0
1406298134,41.35,0,0,0,0,2431.5,3.385874274,2.342766889,0.002046289,16.470594,0,0,1,,,23.69140633,0.020241619,0,59,0,65.6379945,1,0
1406298135,28.85,0,0,0,0,2456.888889,3.390385516,2.3440668,0.001299911,16.470594,0,0,1,,,23.70847383,0.0170675,0,30.3,0,66.29888411,1,0
1406298136,52.55,0,0,0,0,2488.818182,3.395993171,2.3455925,0.0015257,16.470594,0,0,1,28.54310357,77.34177732,23.726717,0.018243167,0,51.8,0,67.2829973,1,0
1406298137,91.11111111,0,0,0,0,2554.888889,3.407372018,2.347871222,0.002278722,16.470594,0,0,1,,,23.74611371,0.019396714,0,80.6,0,69.0239959,1,0
1406298138,84.55,0,0,0,0,2636,3.420945406,2.3504019,0.002530678,16.470594,0,0,1,,,23.76497357,0.018859857,0,80.8,0,71.2529969,1,0
1406298139,81.59090909,0,0,0,0,2714.8,3.433737841,2.353409444,0.003007544,16.470594,0,0,1,,,23.7860904,0.021116829,0,76.55555556,0,73.3919969,1,0
1406298140,98.27777778,0,0,0,0,2785.3,3.444871979,2.3562768,0.002867356,16.470594,0,0,1,,,23.80668057,0.020590171,0,68.4,0,75.2959975,1,0
1406298141,63.8,0,0,0,0,2833.1,3.452261904,2.3589243,0.0026475,16.470594,0,0,1,28.54258438,77.3425782,23.82686514,0.020184571,0,49.4,0,76.5829943,1,0
1406298142,62.45,0,0,0,0,2886.8,3.460416697,2.361898444,0.002974144,16.470594,0,0,1,,,23.85021433,0.02334919,0,54.9,0,78.1289947,1,0
1406298143,29.25,0,0,0,0,2912.7,3.464295756,2.363744778,0.001846333,16.470594,0,0,1,,,23.87084186,0.020627524,0,27.5,0,78.8069947,1,0
1406298144,50.35,0,0,0,0,2942.7,3.468745989,2.3654351,0.001690322,16.470594,0,0,1,,,23.89136013,0.020518268,0,59.22222222,0,79.3679961,1,0
1406298145,18.35,0,0,0,0,2940.6,3.468435953,2.3672711,0.001836,16.470594,0,0,1,,,23.913457,0.022096875,0,8.4,0,79.42999456,1,0
1406298146,22.22222222,0,0,0,0,2941.555556,3.468577055,2.368769444,0.001498344,16.470594,0,0,1,28.54205912,77.34345523,23.9366812,0.0232242,0,25.54545455,0,79.5659972,1,0
1406298147,28.75,0,0,0,0,2934.8,3.46757851,2.3697102,0.000940756,16.470594,0,0,1,,,23.95791433,0.021233133,0,32.11111111,0,79.15333067,1,0
1406298148,39.16666667,0,0,0,0,2965.888889,3.472154877,2.371621111,0.001910911,16.470594,0,0,1,,,23.980291,0.022376667,0,58.1,0,80.087996,1,0
1406298149,42.45,0,0,0,0,3022.5,3.48036631,2.3740261,0.002404989,16.470594,0,0,1,,,24.00340517,0.023114167,0,68.3,0,81.7089935,1,0
1406298150,41.6,0,0,0,0,3079,3.488409689,2.3765142,0.0024881,16.470594,0,0,1,,,24.02665717,0.023252,0,65.7,0,83.2509964,1,0
1406298151,43,0,0,0,0,3115.1,3.493471993,2.378731333,0.002217133,16.470594,0,0,1,28.54148643,77.34436182,24.04905,0.022392833,0,48.9,0,84.1779968,1,0
1406298152,18,0,0,0,0,3135.7,3.496334506,2.3808944,0.002163067,16.470594,0,0,1,,,24.07180586,0.022755857,0,24.9,0,84.9249938,1,0
1406298153,0.45,0,0,0,0,3094.1,3.490534346,2.3814901,0.0005957,16.470594,0,0,1,,,24.096104,0.024298143,0,-9.7,0,83.5599945,1,0
1406298154,38.6,0,0,0,0,3092.8,3.490351837,2.382634556,0.001144456,16.470594,0,0,1,,,24.118438,0.022334,0,55.11111111,0,83.21332978,1,0
1406298155,9.5,0,0,0,0,3088.7,3.489775728,2.3843912,0.001756644,16.470594,0,0,1,,,24.14133457,0.022896571,0,16.5,0,83.8789977,1,0
1406298156,23.65,0,0,0,0,3069.1,3.487011039,2.384992222,0.000601022,16.470594,0,0,1,28.54089622,77.34530635,24.16633557,0.025001,0,20.7,0,82.7429961,1,0
1406298157,15.9,0,0,0,0,2899.9,3.462383022,2.3867592,0.001766978,16.470594,0,0,1,,,24.1883745,0.022038929,0,16.4,1,83.2759949,1,0
1406298158,19.95,0,0,0,0,2264.1,3.354895605,2.3872678,0.0005086,16.470594,0,0,1,,,24.21129217,0.022917667,0,9.4,3,82.3479936,1,0
1406298159,92.11111111,0,0,0,0,2436.222222,3.3867169,2.389231222,0.001963422,16.470594,0,0,1,,,24.2337496,0.022457433,0,52.5,0,82.9359923,1,0
1406298160,61.9,0,0,0,0,2470.3,3.392749698,2.3916954,0.002464178,16.470594,0,0,1,,,24.25454333,0.020793733,0,46.6,0,84.02221511,1,0
1406298161,93.27777778,0,0,0,0,2499.444444,3.397843488,2.394097556,0.002402156,16.470594,0,0,1,,,24.27820857,0.023665238,0,53.7,0,84.8999969,1,0
1406298162,3.9,0,0,0,0,2496.5,3.39733157,2.3960829,0.001985344,16.470594,0,0,1,,,24.30249157,0.024283,0,0,0,85.19554967,1,0
1406298163,0,0,0,0,0,2453.555556,3.389795896,2.396446444,0.000363544,16.470594,0,0,1,,,24.32753733,0.025045762,0,-23.1,0,83.4609956,1,0
1406298164,6.15,0,0,0,0,2402.2,3.380609163,2.3964799,3.34556E-05,16.470594,0,0,1,,,24.3499638,0.022426467,0,-18.90909091,0,81.5169952,1,0
1406298165,3.9,0,0,0,0,2363.8,3.373610728,2.3971715,0.0006916,16.470594,0,0,1,,,24.373485,0.0235212,0,0.6,0,80.50777356,1,0
1406298166,0,0,0,0,0,2326.8,3.366759055,2.397646889,0.000475389,16.470594,0,0,1,28.53973952,77.34719308,24.39319671,0.019711714,0,-10.22222222,0,79.2819947,1,0
1406298167,0,1,0,0,0,2284.888889,3.358865086,2.397735,8.81111E-05,16.470594,0,0,1,,,24.4161712,0.022974486,0,-15.7,0,77.77221511,1,0
1406298168,14.68181818,0,0,0,0,2249.8,3.352143912,2.397805667,7.06667E-05,16.470594,0,0,1,,,24.43537233,0.019201133,0,-3.7,0,76.3449996,1,0
1406298169,43.22222222,0,0,0,0,2260.1,3.354127655,2.3991734,0.001367733,16.470594,0,0,1,,,24.4572755,0.021903167,0,56.1,0,76.7769973,1,0
1406298170,6.909090909,0,0,0,0,2260.3,3.354166085,2.400552,0.0013786,16.470594,0,0,1,,,24.4799246,0.0226491,0,2.3,0,76.8409943,1,0
1406298171,16.33333333,0,0,0,0,2238.3,3.349918295,2.4013032,0.0007512,16.470594,0,0,1,28.53917308,77.34808105,24.5010634,0.0211388,0,16.55555556,0,76.3019943,1,0
1406298172,8.136363636,0,0,0,0,2224.2,3.347173836,2.4021215,0.0008183,16.470594,0,0,1,,,24.5220955,0.0210321,0,6.2,0,75.721997,1,0
1406298173,0,0,0,0,0,2194.2,3.341276211,2.402581889,0.000460389,16.470594,0,0,1,,,24.54409914,0.022003643,0,-9.1,0,74.6389953,1,0
1406298174,45.55555556,0,0,0,0,2197.222222,3.341873983,2.4032414,0.000659511,16.470594,0,0,1,,,24.564017,0.019917857,0,41.8,0,74.06110622,1,0
1406298175,24.35,0,0,0,0,2196.7,3.34177075,2.404842667,0.001601267,16.470594,0,0,1,,,24.5840514,0.0200344,0,31.3,0,74.8869934,1,0
1406298176,7.3,0,0,0,0,2179.222222,3.338301519,2.405737,0.000894333,16.470594,0,0,1,28.53865585,77.34894247,24.60512717,0.021075767,0,-0.5,0,74.49554811,1,0
1406298177,0,0,0,0,0,2156.2,3.333689042,2.406087222,0.000350222,16.470594,0,0,1,,,24.624041,0.018913833,0,-5.4,0,73.4439971,1,0
1406298178,0,0,0,0,0,2117,3.325720858,2.406317,0.000229778,16.470594,0,0,1,,,24.646321,0.02228,0,-15.7,0,72.1079971,1,0
1406298179,0,1,0,0,0,2066.3,3.315193376,2.406317,0,16.470594,0,0,1,,,24.665377,0.019056,0,-26.9,0,70.3669954,1,0
1406298180,0,0,0,0,0,2004.8,3.302071054,2.406317,0,16.470594,0,0,1,,,24.68318229,0.017805286,0,-26,0,68.1699965,1,0
1406298181,8.35,1,0,0,0,1963.777778,3.293092341,2.406343333,2.63333E-05,16.470594,0,0,1,28.53814058,77.34976948,24.70132633,0.018144048,0,-16.66666667,0,66.47777133,1,0
1406298182,26.5,0,0,0,0,1948.363636,3.289670015,2.4074771,0.001133767,16.470594,0,0,1,,,24.7208111,0.019484767,0,35.6,0,66.4059954,1,0
1406298183,0,0,0,0,0,1931.222222,3.28583225,2.4086055,0.0011284,16.470594,0,0,1,,,24.73866217,0.017851067,0,-7.8,0,66.0969939,1,0
1406298184,0,0,0,0,0,1892.6,3.277058836,2.408832667,0.000227167,16.470594,0,0,1,,,24.75605829,0.017396119,0,-24.44444444,0,64.426996,1,0
1406298185,27.4,0,0,0,0,1870.7,3.272004146,2.4091374,0.000304733,16.470594,0,0,1,,,24.77394543,0.017887143,0,16.4,0,63.2779922,1,0
1406298186,45.2,0,0,0,0,1892.1,3.276944086,2.4107515,0.0016141,16.470594,0,0,1,28.53765258,77.35054323,24.79084714,0.016901714,0,55.5,0,64.3719957,1,0
1406298187,24.85,0,0,0,0,1910.3,3.281101576,2.412180111,0.001428611,16.470594,0,0,1,,,24.80968538,0.018838232,0,29.4,0,65.1689942,1,0
1406298188,32.94444444,0,0,0,0,1931.222222,3.28583225,2.4135174,0.001337289,16.470594,0,0,1,,,24.82888357,0.019198196,0,52.6,0,65.69888489,1,0
1406298189,0,0,0,0,0,1921.5,3.283640389,2.414688333,0.001170933,16.470594,0,0,1,,,24.84632843,0.017444857,0,-2.3,0,65.6179977,1,0
1406298190,0,0,0,0,0,1890.555556,3.276589444,2.4149474,0.000259067,16.470594,0,0,1,,,24.86380386,0.017475429,0,-12.6,0,64.31110811,1,0
1406298191,13.75,0,0,0,0,1861.7,3.269909699,2.415058667,0.000111267,16.470594,0,0,1,,,24.88214757,0.018343714,0,2.6,0,63.0839936,1,0
1406298192,3.95,0,0,0,0,1846.5,3.266349312,2.4159967,0.000938033,16.470594,0,0,1,,,24.90096783,0.018820262,0,9.5,0,62.9699967,1,0
1406298193,5.222222222,0,0,0,0,1831.444444,3.262793749,2.416409333,0.000412633,16.470594,0,0,1,,,24.91742013,0.016452292,0,-3.5,0,62.00444022,1,0
1406298194,17.3,0,0,0,0,1815.5,3.258996253,2.4173469,0.000937567,16.470594,0,0,1,,,24.93328543,0.015865304,0,28.4,0,61.9499954,1,0
1406298195,16.65,0,0,0,0,1814.2,3.258685163,2.417998444,0.000651544,16.470594,0,0,1,,,24.951825,0.018539571,0,16.3,0,61.4609956,1,0
1406298196,0.35,0,0,0,0,1786.9,3.252100249,2.4188804,0.000881956,16.470594,0,0,1,,,24.96962038,0.017795375,0,-0.9,0,61.0869936,1,0
1406298197,0,0,0,0,0,1759.1,3.245290529,2.4192459,0.0003655,16.470594,0,0,1,,,24.98586733,0.016246958,0,-11.2,0,59.8999969,1,0
1406298198,13.2,0,0,0,0,1732.9,3.238773502,2.419410778,0.000164878,16.470594,0,0,1,,,25.00260086,0.016733524,0,-3.777777778,0,58.6949982,0,0
1406298199,24.05,0,0,0,0,1729.2,3.237845227,2.4205809,0.001170122,16.470594,0,0,1,,,25.0179346,0.015333743,0,28,0,59.062999,1,0
1406298200,7.85,1,0,0,0,1717.777778,3.23496698,2.4216377,0.0010568,16.470594,0,0,1,,,25.03398033,0.016045733,0,11.2,0,58.728887,0,0
1406298201,0,1,0,0,0,1653.5,3.218404199,2.422183222,0.000545522,16.470594,0,0,1,,,25.04941267,0.015432333,0,-9.4,0,56.2839997,0,0
1406298202,0,1,0,0,0,1541.8,3.188028041,2.4224952,0.000311978,16.470594,0,0,1,,,25.06429343,0.014880762,0,-9.1,0,52.51888544,0,0
1406298203,0,1,0,0,0,1441.777778,3.158898327,2.4228843,0.0003891,16.470594,0,0,1,,,25.07800638,0.013712946,0,-7.9,0,49.2929978,0,0
1406298204,0,1,0,0,0,1327.5,3.12303453,2.423224,0.0003397,16.470594,0,0,1,,,25.0918985,0.013892125,0,-6.1,0,45.24333189,0,0
1406298205,0,0,0,0,0,1243,3.094471129,2.4235672,0.0003432,16.470594,0,0,1,,,25.10359714,0.011698643,0,-5.4,0,42.4229966,0,0
1406298206,0,1,0,0,0,1147.3,3.059676994,2.423823778,0.000256578,16.470594,0,0,1,,,25.11426986,0.010672714,0,-4,0,39.001996,0,0
1406298207,0,1,0,0,0,1063.8,3.026859986,2.4240911,0.000267322,16.470594,0,0,1,,,25.12555471,0.011284857,0,-2.6,0,36.1879958,0,0
1406298208,0,1,0,0,0,985.8,2.993788814,2.4241543,6.32E-05,16.470594,0,0,1,,,25.13572414,0.010169429,0,-1.7,0,33.4769988,0,0
1406298209,0,1,0,0,0,925.3,2.966282562,2.4244481,0.0002938,16.470594,0,0,1,,,25.144578,0.008853857,0,-0.4,0,31.4359956,0,0
1406298210,0,1,0,0,0,870.9,2.939968291,2.424740889,0.000292789,16.470594,0,0,1,,,25.1526878,0.0081098,0,0.888888889,0,29.2789972,0,0
1406298211,0,1,0,0,0,865.4,2.937216891,2.425096364,0.000355475,16.470594,0,0,1,,,25.15990329,0.007215486,0,4.4,2,26.6809981,0,0
1406298212,0,1,0,0,0,923.8,2.965577958,2.425499556,0.000403192,16.470594,0,0,1,,,25.168118,0.008214714,0,1.2,0,25.7319954,0,0
1406298213,4.1,1,0,0,0,961.8,2.983084773,2.425782,0.000282444,16.470594,0,0,1,,,25.1753,0.007182,0,5.2,0,26.2429968,0,0
1406298214,1.8,1,0,0,0,1007.7,3.003331259,2.4264015,0.0006195,16.470594,0,0,1,,,25.182511,0.007211,0,14.9,0,27.5969979,0,0
1406298215,0,1,0,0,0,1021.7,3.009323393,2.426796667,0.000395167,16.470594,0,0,1,,,25.189741,0.00723,0,-8.1,0,27.6269966,0,0
1406298216,0,1,0,0,0,1004,3.001733713,2.4271079,0.000311233,16.470594,0,0,1,,,25.1977115,0.0079705,0,-8.1,0,26.8829972,0,0
1406298217,0,1,0,0,0,983.5555556,2.992798896,2.4274097,0.0003018,16.470594,0,0,1,,,25.20525457,0.007543071,0,-9.7,0,26.802218,0,0
1406298218,0,0,0,0,0,965.9,2.984932166,2.427696444,0.000286744,16.470594,0,0,1,,,25.21276514,0.007510571,0,-13,0,26.5099967,0,0
1406298219,0,1,0,0,0,964.6,2.984347258,2.4280608,0.000364356,16.470594,0,0,1,,,25.21902738,0.006262232,0,-13.9,0,26.0619979,0,0
1406298220,0,1,0,0,0,927.3333333,2.967235871,2.4283863,0.0003255,16.470594,0,0,1,,,25.226577,0.007549625,0,-12.7,0,25.13999856,0,0
1406298221,0,1,0,0,0,885.6,2.947237608,2.428728667,0.000342367,16.470594,0,0,1,,,25.23353543,0.006958429,0,-8.2,0,23.8279976,0,0
1406298222,0,1,0,0,0,788.5,2.896801698,2.4290771,0.000348433,16.470594,0,0,1,,,25.23928243,0.005747,0,4.2,0,20.9679977,0,0
1406298223,0,1,0,0,0,675.9,2.829882446,2.4295533,0.0004762,16.470594,0,0,1,,,25.24508283,0.005800405,0,21.9,0,17.9829981,0,0
1406298224,0,1,0,0,0,818.7,2.91312479,2.4301171,0.0005638,16.470594,0,0,1,,,25.24943217,0.004349333,0,13.8,1,16.6499976,0,0
1406298225,0,1,0,0,0,961.6,2.982994455,2.430669222,0.000552122,16.470594,0,0,1,,,25.25456683,0.005134667,0,1.4,0,15.6649979,0,0
1406298226,0,1,0,0,0,924.3,2.965812953,2.4310461,0.000376878,16.470594,0,0,1,,,25.25805671,0.003489881,0,4,2,12.4309967,0,0
1406298227,0,1,0,0,0,933.9,2.970300375,2.431375111,0.000329011,16.470594,0,0,1,,,25.2612495,0.003192786,0,3.4,0,8.9499983,0,0
1406298228,0,1,0,0,0,924.1,2.96571897,2.4316891,0.000313989,16.470594,0,0,1,,,25.26334989,0.002100389,0,3,1,6.5189965,0,0
1406298229,0,1,0,0,0,919.3,2.96345726,2.4319588,0.0002697,16.470594,0,0,1,,,25.26499657,0.001646683,0,2,0,5.9669983,0,0
1406298230,0,1,0,0,0,903.1,2.955735842,2.4322448,0.000286,16.470594,0,0,1,,,25.26659614,0.001599571,0,4.1,0,6.0309982,0,0
1406298231,0,1,0,0,0,901,2.954724791,2.432530667,0.000285867,16.470594,0,0,1,28.53527147,77.3544642,25.26819125,0.001595107,0,4.8,0,4.626664222,0,0
1406298232,0,1,0,0,0,903.6666667,2.956008263,2.4327926,0.000261933,16.470594,0,0,1,,,25.26932857,0.001137321,0,3.8,0,3.5029968,0,0
1406298233,0,1,0,0,0,893.4,2.951045948,2.433077556,0.000284956,16.470594,0,0,1,,,25.2701645,0.000835929,0,5.6,0,3.039998333,0,0
1406298234,0,1,0,0,0,883.3,2.94610823,2.4333563,0.000278744,16.470594,0,0,1,,,25.27097433,0.000809833,0,9.2,0,3.1929977,0,0
1406298235,0,1,0,0,0,898.6,2.953566414,2.4336502,0.0002939,16.470594,0,0,1,,,25.27169471,0.000720381,0,7.6,0,1.3059982,0,0
1406298236,0,1,0,0,0,898.3,2.9534214,2.433950889,0.000300689,16.470594,0,0,1,28.5352333,77.3544686,25.27192171,0.000227,0,8.9,1,0.421110444,0,0
1406298237,0,1,0,0,0,912.2,2.960090068,2.4343888,0.000437911,16.470594,0,0,1,,,25.27195,2.82857E-05,0,7.2,0,0,0,0
1406298238,0,0,0,0,0,810.2,2.908592239,2.4347937,0.0004049,16.470594,0,0,1,,,25.2720094,5.94E-05,0,44.1,0,0.891110778,0,0
1406298239,0,1,0,0,0,837.4,2.922932957,2.4353096,0.0005159,16.470594,0,0,1,,,25.27275814,0.000748743,0,46.66666667,0,3.8269973,0,0
1406298240,0,1,0,0,0,855.2,2.932067692,2.435803667,0.000494067,16.470594,0,0,1,,,25.273981,0.001222857,0,46.8,0,4.9599976,0,0
1406298241,0,1,0,0,0,863.7,2.93636292,2.4362783,0.000474633,16.470594,0,0,1,28.53521293,77.354461,25.27538583,0.001404833,0,47.7,1,5.8489983,0,0
1406298242,0,0,0,0,0,905.6,2.956936414,2.436738778,0.000460478,16.470594,0,0,1,,,25.27694914,0.00156331,0,40.5,0,6.3919975,0,0
1406298243,0,0,0,0,0,981.8,2.992023028,2.4372467,0.000507922,16.470594,0,0,1,,,25.27873613,0.001786982,0,15.88888889,0,7.0189981,0,0
1406298244,4.722222222,0,0,0,0,1062,3.026124517,2.4377867,0.00054,16.470594,0,0,1,,,25.28087638,0.00214025,0,44.7,0,7.590998,0,0
1406298245,7.3,0,0,0,0,921.5,2.96449534,2.438273667,0.000486967,16.470594,0,0,1,,,25.28299644,0.002120069,0,57.36363636,1,7.347775,0,0
1406298246,14.25,0,0,0,0,796.5555556,2.901216071,2.4389063,0.000632633,16.470594,0,0,1,28.53518707,77.35440967,25.28532743,0.002330984,0,114.3333333,1,9.2589981,0,0
1406298247,0,0,0,0,0,830.5,2.919339637,2.439473333,0.000567033,16.470594,0,0,1,,,25.28819529,0.002867857,0,35.1,0,11.1449975,0,0
1406298248,0,0,0,0,0,873.3333333,2.941180037,2.4399303,0.000456967,16.470594,0,0,1,,,25.291467,0.003271714,0,22.8,1,11.226665,0,0
1406298249,5.055555556,0,0,0,0,896.1,2.952356477,2.4403511,0.0004208,16.470594,0,0,1,,,25.29421586,0.002748857,0,27.6,1,11.4919976,0,0
1406298250,5.75,0,0,0,0,899.8,2.954145989,2.440770111,0.000419011,16.470594,0,0,1,,,25.29740522,0.003189365,0,27.5,0,11.8079965,0,0
1406298251,6.05,0,0,0,0,961.3,2.982858942,2.4412562,0.000486089,16.470594,0,0,1,28.53512295,77.35433073,25.3007895,0.003384278,0,40.2,0,12.8859979,0,0
1406298252,4.05,0,0,0,0,978.7,2.990649588,2.4416771,0.0004209,16.470594,0,0,1,,,25.30467143,0.003881929,0,17,0,13.0729967,0,0
1406298253,6.363636364,0,0,0,0,980.9,2.991624735,2.4420659,0.0003888,16.470594,0,0,1,,,25.3082698,0.003598371,0,27.2,0,13.05888611,0,0
1406298254,0,0,0,0,0,966.5,2.985201858,2.442472667,0.000406767,16.470594,0,0,1,,,25.31167457,0.003404771,0,4.4,0,13.1069985,0,0
1406298255,0,0,0,0,0,910,2.959041392,2.4427488,0.000276133,16.470594,0,0,1,,,25.31513167,0.003457095,0,-1.1,0,11.9949975,0,0
1406298256,9.055555556,0,0,0,0,870.1111111,2.939574715,2.443099,0.0003502,16.470594,0,0,1,28.53507063,77.35421025,25.31841217,0.0032805,0,12.66666667,0,11.7269982,0,0
1406298257,8.5,0,0,0,0,942.4,2.974235277,2.4436778,0.0005788,16.470594,0,0,1,,,25.32177,0.003357833,0,49.18181818,0,12.6149979,0,0
1406298258,9.95,0,0,0,0,1020,3.008600172,2.4441698,0.000492,16.470594,0,0,1,,,25.32564038,0.003870375,0,40.44444444,0,13.5659973,0,0
1406298259,10.8,0,0,0,0,1074.7,3.031287249,2.444633778,0.000463978,16.470594,0,0,1,,,25.32939867,0.003758292,0,33.7,0,14.3269973,0,0
1406298260,0,0,0,0,0,1073.5,3.030802049,2.4451701,0.000536322,16.470594,0,0,1,,,25.33330729,0.003908619,0,-5.6,0,14.4399972,0,0
1406298261,9.888888889,0,0,0,0,1058.333333,3.024622475,2.4456544,0.0004843,16.470594,0,0,1,28.53498033,77.35416693,25.33732543,0.004018143,0,34.5,2,13.764998,0,0
1406298262,5.5,0,0,0,0,1072.7,3.030478281,2.446257111,0.000602711,16.470594,0,0,1,,,25.34157386,0.004248429,0,14.5,0,14.29999711,0,0
1406298263,2.9,0,0,0,0,1056.777778,3.023983672,2.4467027,0.000445589,16.470594,0,0,1,,,25.345237,0.003663143,0,-1,2,14.19777444,0,0
1406298264,0,0,0,0,0,906.4,2.957319897,2.44702,0.0003173,16.470594,0,0,1,,,25.34919657,0.003959571,0,1.636363636,1,13.7609985,0,0
1406298265,0,0,0,0,0,898.2,2.953373051,2.4473298,0.0003098,16.470594,0,0,1,,,25.35271257,0.003516,0,1.555555556,1,13.0369981,0,0
1406298266,7.4,0,0,0,0,920.8,2.964165311,2.447615556,0.000285756,16.470594,0,0,1,28.5347084,77.35415872,25.35657183,0.003859262,0,23.5,0,12.2039978,0,0
1406298267,5.3,0,0,0,0,890.7,2.949731452,2.4480047,0.000389144,16.470594,0,0,1,,,25.35990283,0.003331,0,21.5,0,11.7519973,0,0
1406298268,13.25,0,0,0,0,951.5,2.978408793,2.4485923,0.0005876,16.470594,0,0,1,,,25.3631015,0.003198667,0,68.6,0,12.7249969,0,0
1406298269,20.25,0,0,0,0,1080.1,3.033463966,2.4491955,0.0006032,16.470594,0,0,1,,,25.36655433,0.003452833,0,79.2,0,14.3259971,0,0
1406298270,15.55,0,0,0,0,1237.9,3.092685563,2.4500214,0.0008259,16.470594,0,0,1,,,25.37071471,0.004160381,0,79.7,0,16.6489975,0,0
1406298271,26.4,0,0,0,0,1278.6,3.1067347,2.450739222,0.000717822,16.470594,0,0,1,28.5347162,77.35382513,25.37566938,0.004954661,0,86.4,0,16.9209977,0,0
1406298272,17.1,0,0,0,0,1322.8,3.121494186,2.4515709,0.000831678,16.078436,0,0,1,,,25.38054214,0.004872768,0,43,0,17.6439973,0,0
1406298273,27,0,0,0,0,1409.3,3.149003452,2.4524845,0.0009136,16.078436,0,0,1,,,25.3858895,0.005347357,0,109.8,0,18.848997,0,0
1406298274,0,0,0,0,0,1381.6,3.140382325,2.453361,0.0008765,16.078436,0,0,1,,,25.39152829,0.005638786,0,1.272727273,0,18.6069971,0,0
1406298275,8.5,0,0,0,0,1242.666667,3.094354649,2.453731667,0.000370667,16.078436,0,0,1,,,25.39589957,0.004371286,0,-3.222222222,0,16.41555289,0,0
1406298276,22.38888889,0,0,0,0,1187.3,3.074560468,2.4544306,0.000698933,16.078436,0,0,1,28.53485685,77.35362022,25.39987125,0.003971679,0,64.3,0,15.7199975,0,0
1406298277,21.6,0,0,0,0,1225.444444,3.088293627,2.4554713,0.0010407,16.078436,0,0,1,,,25.40434875,0.0044775,0,76.1,0,16.3329972,0,0
1406298278,18.45,0,0,0,0,1266.7,3.102673771,2.456361889,0.000890589,16.078436,0,0,1,,,25.40886183,0.004513083,0,75.6,0,16.96777522,0,0
1406298279,26.8,0,0,0,0,1336.9,3.126098923,2.4572587,0.000896811,16.078436,0,0,1,,,25.41373538,0.004873542,0,74.4,0,17.7939973,0,0
1406298280,29.35,0,0,0,0,1453.4,3.162385156,2.4584507,0.001192,16.078436,0,0,1,,,25.4190925,0.005357125,0,83.3,0,19.3659966,0,0
1406298281,55.72222222,0,0,0,0,1603.4,3.205041879,2.459752556,0.001301856,16.078436,0,0,1,,,25.42460733,0.005514833,0,121.5,0,21.3449966,0,0
1406298282,57.6,0,0,0,0,1852.4,3.267734772,2.4612648,0.001512244,16.078436,0,0,1,,,25.43079288,0.006185542,0,150.7,0,24.467775,0,0
1406298283,27.45,0,0,0,0,2091.444444,3.320446333,2.462791111,0.001526311,16.078436,0,0,1,,,25.43823643,0.007443554,0,82.77777778,0,27.8539971,0,0
1406298284,45.3,0,0,0,0,2366.727273,3.374148215,2.4643093,0.001518189,16.078436,0,0,1,,,25.44643157,0.008195143,0,141.4,0,31.6199966,0,0
1406298285,31.15,0,0,0,0,2645.6,3.422524182,2.466014667,0.001705367,16.078436,0,0,1,,,25.45568629,0.009254714,0,104.6,0,35.1989961,0,0
1406298286,0,1,0,0,0,2312.222222,3.364029571,2.4671471,0.001132433,16.078436,0,0,1,28.53522548,77.3531636,25.46538667,0.009700381,0,-27.3,1,36.3029953,0,0
1406298287,20.15,0,0,0,0,1620.181818,3.209563754,2.4673616,0.0002145,16.078436,0,0,1,,,25.47515129,0.009764619,0,21.2,4,33.07999844,0,0
1406298288,93.05,0,0,0,0,1755.333333,3.2443596,2.468858667,0.001497067,16.078436,0,0,1,,,25.48393825,0.008786964,0,101.1,1,34.927997,0,0
1406298289,21,0,0,0,0,1883.222222,3.27490157,2.4706363,0.001777633,16.078436,0,0,1,,,25.495232,0.01129375,0,57.3,0,37.96555078,0,0
1406298290,80.2,0,0,0,0,1967.7,3.293958886,2.471631556,0.000995256,16.078436,0,0,1,,,25.50586633,0.010634333,0,84.8,0,39.07666356,0,0
1406298291,25.4,0,0,0,0,2113.9,3.325084439,2.473561,0.001929444,16.078436,0,0,1,28.53552535,77.35279513,25.51635086,0.010484524,0,58,0,42.32817918,0,0
1406298292,27.35,0,0,0,0,2213.111111,3.345003219,2.4749279,0.0013669,16.078436,0,0,1,,,25.52846617,0.01211531,0,68,0,44.41999633,0,0
1406298293,0,0,0,0,0,2038.8,3.309374625,2.475878667,0.000950767,16.078436,0,0,1,,,25.54073786,0.01227169,0,-23.4,1,44.8179963,0,0
1406298294,9.833333333,0,0,0,0,1492.7,3.173972533,2.4761355,0.000256833,16.078436,0,0,1,,,25.55376843,0.013030571,0,0.7,3,44.1989944,0,0
1406298295,20.6,0,0,0,0,1637.8,3.214260867,2.477061333,0.000925833,16.078436,0,0,1,,,25.5650144,0.011245971,0,25.88888889,0,44.38666289,0,0
1406298296,33.8,0,0,0,0,1675.2,3.224066664,2.4780423,0.000980967,16.078436,0,0,1,28.5358475,77.35229262,25.5778065,0.0127921,0,44.1,0,45.04727036,0,0
1406298297,41.45,0,0,0,0,1702.555556,3.231101292,2.479206778,0.001164478,16.078436,0,0,1,,,25.58988986,0.012083357,0,40.7,0,45.92888578,0,0
1406298298,43.5,0,0,0,0,1764.090909,3.246520962,2.4807525,0.001545722,16.078436,0,0,1,,,25.60456863,0.014678768,0,59.7,0,47.5829957,0,0
1406298299,0,0,0,0,0,1764.4,3.246597049,2.4818497,0.0010972,16.078436,0,0,1,,,25.61798786,0.013419232,0,-3.2,0,48.0029982,0,0
1406298300,7.7,1,0,0,0,1725.3,3.236864622,2.482130222,0.000280522,16.078436,0,0,1,,,25.63009371,0.012105857,0,-8.2,0,46.5649964,0,0
1406298301,83.5,0,0,0,0,1751.888889,3.243506558,2.4830732,0.000942978,16.078436,0,0,1,,,25.6428058,0.012712086,0,71.4,0,46.9339981,0,0
1406298302,89.94444444,0,0,0,0,1822.666667,3.260707251,2.484691444,0.001618244,16.078436,0,0,1,,,25.65655833,0.013752533,0,78.9,0,49.20444078,0,0
1406298303,94.85,0,0,0,0,1908,3.28057837,2.4865629,0.001871456,16.078436,0,0,1,,,25.66919175,0.012633417,0,81.5,0,51.485997,0,0
1406298304,94.55,0,0,0,0,1995.5,3.300051732,2.4886534,0.0020905,16.078436,0,0,1,,,25.6843705,0.01517875,0,83.5,0,53.9109985,0,0
1406298305,100,0,0,0,0,2083.888889,3.318874559,2.490917667,0.002264267,16.078436,0,0,1,,,25.70032529,0.015954786,0,84.9,0,56.29443867,0,0
1406298306,100,0,0,0,0,2172.5,3.336959785,2.4933425,0.002424833,16.078436,0,0,1,,,25.71672486,0.016399571,0,85.3,0,58.7299973,1,0
1406298307,37.2,1,0,0,0,2225.8,3.347486138,2.495719,0.0023765,16.078436,0,0,1,,,25.73276867,0.01604381,0,38.8,0,60.3769944,1,0
1406298308,0,1,0,0,0,1967.2,3.293848516,2.496366,0.000647,16.078436,0,0,1,,,25.74886133,0.016092667,0,-12.6,0,53.68666411,0,0
1406298309,0,0,0,0,0,1647.6,3.216851783,2.49641,4.4E-05,16.078436,0,0,1,,,25.76203586,0.013174524,0,-19.4,0,44.76817873,0,0
1406298310,42.4,0,0,0,0,1613.9,3.207876622,2.496763444,0.000353444,16.078436,0,0,1,,,25.773977,0.011941143,0,35.44444444,0,43.11666189,0,0
1406298311,18,0,0,0,0,1615.3,3.208253193,2.4978647,0.001101256,16.078436,0,0,1,28.5369735,77.3506215,25.78629,0.012313,0,19.3,0,43.637996,0,0
1406298312,26.2,0,0,0,0,1646,3.216429831,2.4989856,0.0011209,16.078436,0,0,1,,,25.797159,0.010869,0,52.1,0,44.5709961,0,0
1406298313,21.95,0,0,0,0,1654,3.218535505,2.499947,0.0009614,16.078436,0,0,1,,,25.81156425,0.01440525,0,20.2,0,44.5669984,0,0
1406298314,19.75,0,0,0,0,1666.8,3.221883492,2.501108111,0.001161111,16.078436,0,0,1,,,25.82212833,0.010564083,0,28.1,0,45.16666322,0,0
1406298315,22.16666667,0,0,0,0,1689.7,3.227809604,2.5020767,0.000968589,16.078436,0,0,1,,,25.83542,0.013291667,0,37.3,0,45.5499968,0,0
1406298316,15.35,0,0,0,0,1688.4,3.227475343,2.503050333,0.000973633,16.078436,0,0,1,,,25.84815943,0.012739429,0,4.9,0,45.7749985,0,0
1406298317,32.8,0,0,0,0,1705.555556,3.23186587,2.5039756,0.000925267,16.078436,0,0,1,,,25.86040883,0.012249405,0,39.5,0,46.11777433,0,0
1406298318,5,0,0,0,0,1693.1,3.22868261,2.504630889,0.000655289,16.078436,0,0,1,,,25.874065,0.013656167,0,-5.5,0,45.964998,0,0
1406298319,11.95,0,0,0,0,1683.8,3.226290505,2.5052786,0.000647711,16.078436,0,0,1,,,25.88624529,0.012180286,0,14.1,0,45.4959976,0,0
1406298320,14.05,0,0,0,0,1680.111111,3.225338004,2.5060093,0.0007307,16.078436,0,0,1,,,25.89802233,0.011777048,0,14.4,0,45.29999633,0,0
1406298321,3.35,0,0,0,0,1658.3,3.219663101,2.506457556,0.000448256,16.078436,0,0,1,28.53759807,77.3495961,25.91048413,0.012461792,0,-1.1,0,44.7039978,0,0
1406298322,0,0,0,0,0,1624.8,3.21079991,2.5067795,0.000321944,16.078436,0,0,1,,,25.92320988,0.01272575,0,-8.5,0,43.9049973,0,0
1406298323,20.44444444,0,0,0,0,1607.5,3.206150982,2.5071687,0.0003892,16.078436,0,0,1,,,25.93653629,0.013326411,0,21.33333333,0,43.1539949,0,0
1406298324,53.4,0,0,0,0,1652.9,3.21824658,2.508382333,0.001213633,16.078436,0,0,1,,,25.9481245,0.011588214,0,69.4,0,44.6939987,0,0
1406298325,21.2,0,0,0,0,1692.8,3.22860565,2.5096012,0.001218867,16.078436,0,0,1,,,25.95955486,0.011430357,0,25.1,0,45.7029969,0,0
1406298326,61.1,0,0,0,0,1736.8,3.23974981,2.5107935,0.0011923,16.078436,0,0,1,28.5379007,77.3490781,25.97227514,0.012720286,0,75.1,0,46.9989975,0,0
1406298327,23.65,0,0,0,0,1801.5,3.255634266,2.512348222,0.001554722,16.078436,0,0,1,,,25.98613814,0.013863,0,42.55555556,0,48.8569977,0,0
1406298328,21.9,0,0,0,0,1811.5,3.258038338,2.5130275,0.000679278,16.078436,0,0,1,,,25.99942767,0.013289524,0,23.2,0,48.7159989,0,0
1406298329,10.15,0,0,0,0,1823.9,3.261001023,2.5141081,0.0010806,16.078436,0,0,1,,,26.0132708,0.013843133,0,27.1,0,49.4829971,0,0
1406298330,3.777777778,0,0,0,0,1797.777778,3.254736008,2.514617444,0.000509344,16.078436,0,0,1,,,26.02726286,0.013992057,0,-6.7,0,48.58221956,0,0
1406298331,2.777777778,1,0,0,0,1771.777778,3.24840925,2.5150691,0.000451656,16.078436,0,0,1,28.53824887,77.34851482,26.039738,0.012475143,0,3.6,0,47.84110689,0,0
1406298332,0,1,0,0,0,1593.3,3.202297556,2.515464333,0.000395233,16.078436,0,0,1,,,26.05333,0.013592,0,-18.5,0,43.0429992,0,0
1406298333,0,1,0,0,0,1442.1,3.158995377,2.5157838,0.000319467,16.078436,0,0,1,,,26.06373043,0.010400429,0,-22,0,38.8259964,0,0
1406298334,0,0,0,0,0,1336.444444,3.12595091,2.5160931,0.0003093,16.078436,0,0,1,,,26.0749575,0.011227071,0,-23,1,37.13221911,0,0
1406298335,0,0,0,0,0,1210.9,3.083108279,2.516364111,0.000271011,16.078436,0,0,1,,,26.08509914,0.010141643,0,-18.9,3,35.6769959,0,0
1406298336,22.55,0,0,0,0,1303.6,3.115144352,2.5167842,0.000420089,16.078436,0,0,1,,,26.0942996,0.009200457,0,25,2,34.8259981,0,0
1406298337,28.33333333,0,0,0,0,1334.2,3.125220936,2.517962333,0.001178133,16.078436,0,0,1,,,26.104591,0.0102914,0,35.5,0,36.1769989,0,0
1406298338,16.6,0,0,0,0,1350.3,3.130430268,2.5188583,0.000895967,16.078436,0,0,1,,,26.1143655,0.0097745,0,23.3,0,36.7179963,0,0
1406298339,0,0,0,0,0,1335.8,3.125741439,2.5195096,0.0006513,16.078436,0,0,1,,,26.12449533,0.010129833,0,-15.77777778,0,36.1479966,0,0
1406298340,0,0,0,0,0,1293.2,3.111665696,2.519754,0.0002444,16.078436,0,0,1,,,26.13385733,0.009362,0,-8.9,0,34.8879991,0,0
1406298341,2.5,0,0,0,0,1066.7,3.028042295,2.51997,0.000216,16.078436,0,0,1,28.53881108,77.34764843,26.14380671,0.009949381,0,-3.5,3,33.9939942,0,0
1406298342,3.85,0,0,0,0,1586.4,3.200412701,2.520495222,0.000525222,16.078436,0,0,1,,,26.15252117,0.008714452,0,-5.5,1,33.1239945,0,0
1406298343,14.85,0,0,0,0,1688.5,3.227501065,2.5210265,0.000531278,16.078436,0,0,1,,,26.16152283,0.009001667,0,28.7,1,32.1519988,0,0
1406298344,22.15,0,0,0,0,1638.2,3.214366922,2.5219243,0.0008978,16.078436,0,0,1,,,26.170666,0.009143167,0,39.7,2,32.53333022,0,0
1406298345,21.16666667,0,0,0,0,1708.222222,3.232544367,2.523144444,0.001220144,16.078436,0,0,1,,,26.180324,0.009658,0,59,1,34.3709993,0,0
1406298346,7.85,0,0,0,0,1727.8,3.23749347,2.5238795,0.000735056,16.078436,0,0,1,28.53904902,77.34727533,26.19000643,0.009682429,0,6.5,0,34.58332833,0,0
1406298347,23.4,0,0,0,0,1734.222222,3.239104747,2.524335444,0.000455944,16.078436,0,0,1,,,26.19958943,0.009583,0,52.2,0,34.7769959,0,0
1406298348,14.94444444,0,0,0,0,1787.3,3.252197455,2.5253013,0.000965856,16.078436,0,0,1,,,26.20901483,0.009425405,0,27.1,0,36.1020006,0,0
1406298349,34.25,0,0,0,0,1854.2,3.268156577,2.5262233,0.000922,16.078436,0,0,1,,,26.218951,0.009936167,0,80.3,0,36.9359939,0,0
1406298350,14.3,0,0,0,0,1875.7,3.273163378,2.527788333,0.001565033,16.078436,0,0,1,,,26.22949829,0.010547286,0,30.6,1,39.2649964,0,0
1406298351,10.9,0,0,0,0,1446.2,3.160228357,2.5283373,0.000548967,16.078436,0,0,1,28.53929528,77.34685825,26.24034471,0.010846429,0,17.3,3,39.2929948,0,0
1406298352,0.75,0,0,0,0,1453.7,3.16247479,2.529306889,0.000969589,16.078436,0,0,1,,,26.251464,0.011119286,0,-0.444444444,0,39.54888244,0,0
1406298353,31.63636364,0,0,0,0,1458,3.163757524,2.5299344,0.000627511,16.078436,0,0,1,,,26.26243886,0.010974857,0,34.9,0,39.14272373,0,0
1406298354,11.44444444,0,0,0,0,1488,3.172602931,2.5311504,0.001216,16.078436,0,0,1,,,26.27341386,0.010975,0,28.1,0,40.35221867,0,0
1406298355,15,0,0,0,0,1490.4,3.173302842,2.5318972,0.0007468,16.078436,0,0,1,,,26.28397457,0.010560714,0,19.5,0,40.1759965,0,0
1406298356,22.2,0,0,0,0,1502.6,3.176843385,2.532882222,0.000985022,16.078436,0,0,1,28.53957132,77.34640333,26.29529888,0.011324304,0,27.77777778,0,40.4969955,0,0
1406298357,30.90909091,0,0,0,0,1538.8,3.187182178,2.5339951,0.001112878,16.078436,0,0,1,,,26.30779571,0.012496839,0,43.36363636,0,41.4919984,0,0
1406298358,16.27777778,0,0,0,0,1578.222222,3.198168154,2.535310778,0.001315678,16.078436,0,0,1,,,26.31945286,0.011657143,0,35.55555556,0,42.8689972,0,0
1406298359,19.33333333,0,0,0,0,1591.5,3.201806643,2.535958,0.000647222,16.078436,0,0,1,,,26.33163667,0.01218381,0,16,0,42.6479966,0,0
1406298360,31.75,0,0,0,0,1622.222222,3.210110346,2.537079,0.001121,16.078436,0,0,1,,,26.34295317,0.0113165,0,61.09090909,0,43.77221689,0,0
1406298361,1.9,0,0,0,0,1637.3,3.214128262,2.538136778,0.001057778,16.078436,0,0,1,28.53986772,77.34592365,26.35485171,0.011898548,0,4,0,44.5439973,0,0
1406298362,32.45,0,0,0,0,1648.111111,3.216986487,2.5386998,0.000563022,16.078436,0,0,1,,,26.36645383,0.011602119,0,40.27272727,0,44.18110844,0,0
1406298363,28.05555556,0,0,0,0,1695,3.229169703,2.5400749,0.0013751,16.078436,0,0,1,,,26.378889,0.012435167,0,55.5,0,45.7739991,0,0
1406298364,25.3,0,0,0,0,1743.8,3.241496673,2.541351111,0.001276211,16.078436,0,0,1,,,26.39313171,0.014242714,0,39.8,0,47.1649979,0,0
1406298365,22.5,0,0,0,0,1778.4,3.25002945,2.542435,0.001083889,16.078436,0,0,1,,,26.4062685,0.013136786,0,42.2,0,48.3119981,0,0
1406298366,22.05,0,0,0,0,1805.9,3.256693698,2.5433255,0.0008905,16.078436,0,0,1,28.5401978,77.34540847,26.41901343,0.012744929,0,37,0,48.6079971,0,0
1406298367,0.8,0,0,0,0,1790.3,3.252925812,2.5441598,0.0008343,16.078436,0,0,1,,,26.43290314,0.013889714,0,-3.1,0,48.5419982,0,0
1406298368,13.9,0,0,0,0,1776.2,3.249491866,2.544352889,0.000193089,16.078436,0,0,1,,,26.44648283,0.01357969,0,11.7,0,47.85777622,0,0
1406298369,0,0,0,0,0,1747.2,3.242342621,2.5448185,0.000465611,16.078436,0,0,1,,,26.45961543,0.013132595,0,-4.6,0,47.447998,0,0
1406298370,0,0,0,0,0,1710.6,3.233148468,2.545182,0.0003635,16.078436,0,0,1,,,26.47196233,0.012346905,0,-12.5,0,46.3579939,0,0
1406298371,0,0,0,0,0,1667.6,3.222091886,2.5455173,0.0003353,16.078436,0,0,1,28.5405335,77.34485615,26.4851465,0.013184167,0,-15,0,45.1769973,0,0
1406298372,18.94444444,0,0,0,0,1646.888889,3.216664299,2.545984889,0.000467589,16.078436,0,0,1,,,26.49784329,0.012696786,0,17.22222222,0,44.2589951,0,0
1406298373,32.45,0,0,0,0,1679.7,3.225231722,2.5472335,0.001248611,16.078436,0,0,1,,,26.509099,0.011255714,0,52.2,0,45.3089966,0,0
1406298374,25.27777778,0,0,0,0,1719.777778,3.235472333,2.5485051,0.0012716,16.078436,0,0,1,,,26.5223124,0.0132134,0,36,0,46.45332678,0,0
1406298375,31.6,0,0,0,0,1761.4,3.245857992,2.549835222,0.001330122,16.078436,0,0,1,,,26.53528486,0.012972457,0,49.8,0,47.572998,0,0
1406298376,21,0,0,0,0,1796.5,3.254427222,2.5511517,0.001316478,16.078436,0,0,1,28.5408563,77.34433705,26.54773617,0.01245131,0,34.3,0,48.57666356,0,0
1406298377,24.61111111,0,0,0,0,1813.555556,3.258530864,2.552113,0.0009613,16.078436,0,0,1,,,26.562757,0.015020833,0,31.6,0,48.9509979,0,0
1406298378,29.2,0,0,0,0,1854.3,3.268179998,2.553331667,0.001218667,16.078436,0,0,1,,,26.57475243,0.011995429,0,53.9,0,50.1629959,0,0
1406298379,31,0,0,0,0,1914.6,3.282078055,2.5548873,0.001555633,16.078436,0,0,1,,,26.589708,0.014955571,0,57.8,0,51.84555222,0,0
1406298380,19.25,0,0,0,0,1939.1,3.287600206,2.5559757,0.0010884,16.078436,0,0,1,,,26.603705,0.013997,0,27,0,52.5189958,0,0
1406298381,20.65,0,0,0,0,1956.1,3.291391053,2.556917111,0.000941411,16.078436,0,0,1,28.54120338,77.3437646,26.61967744,0.015972444,0,27.6,0,52.7229982,0,0
1406298382,19.15,0,0,0,0,1958.2,3.291857046,2.5577157,0.000798589,16.078436,0,0,1,,,26.63426925,0.014591806,0,20.3,0,52.9419967,0,0
1406298383,21.4,0,0,0,0,1981.6,3.297015994,2.5588605,0.0011448,16.078436,0,0,1,,,26.6485385,0.01426925,0,42.77777778,0,53.7969956,0,0
1406298384,21.15,0,0,0,0,2005,3.302114377,2.559742222,0.000881722,16.078436,0,0,1,,,26.662981,0.0144425,0,25.9,0,53.8279953,0,0
1406298385,8.65,0,0,0,0,1988.111111,3.298440652,2.5606482,0.000905978,16.078436,0,0,1,,,26.6781235,0.0151425,0,8.6,0,53.951996,0,0
1406298386,2.8,0,0,0,0,1974,3.295347148,2.561084,0.0004358,16.078436,0,0,1,28.54157383,77.34315715,26.692338,0.0142145,0,0.3,0,53.3039993,0,0
1406298387,3.222222222,0,0,0,0,1939.7,3.287734566,2.5614342,0.0003502,16.078436,0,0,1,,,26.706449,0.014111,0,-7.9,0,52.31555167,0,0
1406298388,26.4,0,0,0,0,1945.6,3.289053558,2.5623243,0.0008901,16.078436,0,0,1,,,26.723457,0.017008,0,43.4,0,52.4689957,0,0
1406298389,39.7,0,0,0,0,1987.1,3.298219723,2.563750444,0.001426144,16.078436,0,0,1,,,26.736038,0.012581,0,62,0,53.6489944,0,0
1406298390,29.83333333,0,0,0,0,2036.444444,3.308872567,2.5651143,0.001363856,16.078436,0,0,1,,,26.75214414,0.016106143,0,40.3,0,55.00444378,0,0
1406298391,27.3,0,0,0,0,2072.5,3.316494539,2.566753333,0.001639033,16.078436,0,0,1,28.54195153,77.34254727,26.767907,0.015762857,0,41.2,0,56.04777367,0,0
1406298392,46.15,0,0,0,0,2084.7,3.319043566,2.5678242,0.001070867,16.078436,0,0,1,,,26.78149486,0.013587857,0,26.4,0,56.15908536,0,0
1406298393,99.45,0,0,0,0,2134.444444,3.329284855,2.569834667,0.002010467,16.078436,0,0,1,,,26.79728717,0.01579231,0,70.5,0,57.688887,0,0
1406298394,83,0,0,0,0,2210,3.344392274,2.5721158,0.002281133,16.078436,0,0,1,,,26.81352,0.016232833,0,71.11111111,0,59.7179978,1,0
1406298395,4.611111111,0,0,0,0,2230.3,3.348363284,2.573914556,0.001798756,16.078436,0,0,1,,,26.82984829,0.016328286,0,6.5,0,60.4919983,1,0
1406298396,90.90909091,0,0,0,0,2271.545455,3.356321432,2.5753186,0.001404044,16.078436,0,0,1,28.54236215,77.34188507,26.8480635,0.018215214,0,77.1,0,60.9659943,1,0
1406298397,82.38888889,0,0,0,0,2345.666667,3.370266296,2.5778,0.0024814,16.078436,0,0,1,,,26.86589467,0.017831167,0,75.8,0,63.3519974,1,0
1406298398,100,0,0,0,0,2427.2,3.385105563,2.5801989,0.0023989,16.078436,0,0,1,,,26.881313,0.015418333,0,80.4,0,65.7269973,1,0
1406298399,32.8,0,0,0,0,2482.3,3.394854267,2.582578222,0.002379322,16.078436,0,0,1,,,26.9012902,0.0199772,0,34.11111111,0,67.3529968,1,0
1406298400,30.95,0,0,0,0,2499.5,3.397853141,2.5836488,0.001070578,16.078436,0,0,1,,,26.91890043,0.017610229,0,28,0,67.3289978,1,0
1406298401,73.35,0,0,0,0,2542.1,3.405192631,2.585167,0.0015182,16.078436,0,0,1,28.54281422,77.34114523,26.93806083,0.019160405,0,79.6,0,68.515554,1,0
1406298402,9.25,0,0,0,0,2572.4,3.410338501,2.587259,0.002092,16.078436,0,0,1,,,26.95671663,0.018655792,0,20.7,0,69.7429947,1,0
1406298403,16.22222222,0,0,0,0,2550.444444,3.406615868,2.5877177,0.0004587,16.078436,0,0,1,,,26.97832933,0.021612708,0,7.5,0,68.72888522,1,0
1406298404,62.75,0,0,0,0,2585.5,3.412544542,2.589493111,0.001775411,16.078436,0,0,1,,,26.998129,0.019799667,0,73.7,0,69.8219955,1,0
1406298405,40.25,0,0,0,0,2635.6,3.420879499,2.5916284,0.002135289,16.078436,0,0,1,,,27.016749,0.01862,0,49.5,0,71.4959947,1,0
1406298406,0,0,0,0,0,2630.222222,3.419992443,2.5927091,0.0010807,16.078436,0,0,1,,,27.03522117,0.018472167,0,-8.3,0,70.99777567,1,0
1406298407,0,1,0,0,0,2560,3.408239965,2.592884,0.0001749,16.078436,0,0,1,,,27.0565405,0.021319333,0,-19.7,0,69.1319963,1,0
1406298408,0,1,0,0,0,2394.1,3.379142287,2.592884,0,16.078436,0,0,1,,,27.0735996,0.0170591,0,-23,0,64.6379975,1,0
1406298409,0,1,0,0,0,2189.2,3.340285439,2.592884,0,16.078436,0,0,1,,,27.09090383,0.017304233,0,-33.6,0,59.1259963,1,0
1406298410,26.4,0,0,0,0,2133.1,3.329011216,2.592945778,6.17778E-05,16.078436,0,0,1,,,27.10731188,0.016408042,0,-0.7,0,57.3119965,0,0
1406298411,100,0,0,0,0,2156.9,3.33383001,2.594752,0.001806222,16.078436,0,0,1,28.54377618,77.33961713,27.123124,0.015812125,0,70.6,0,58.4199982,0,0
1406298412,94.15,0,0,0,0,2236.5,3.349568903,2.597344,0.002592,16.078436,0,0,1,,,27.13928575,0.01616175,0,70.44444444,0,60.35221867,1,0
1406298413,100,0,0,0,0,2307.9,3.363216987,2.5997833,0.0024393,16.078436,0,0,1,,,27.15544833,0.016162583,0,68.7,0,62.2469985,1,0
1406298414,100,0,0,0,0,2382.6,3.377051137,2.602448667,0.002665367,16.078436,0,0,1,,,27.17444967,0.019001333,0,67,0,64.3229967,1,0
1406298415,99.6,0,0,0,0,2453.888889,3.389854894,2.6047351,0.002286433,16.078436,0,0,1,,,27.19007771,0.015628048,0,77.1,0,66.2989959,1,0
1406298416,92.5,0,0,0,0,2540.9,3.404987573,2.6074138,0.0026787,16.078436,0,0,1,28.54422267,77.33892598,27.21140729,0.021329571,0,80.8,0,68.6559966,1,0
1406298417,91.88888889,0,0,0,0,2626.333333,3.419349846,2.61023,0.0028162,16.078436,0,0,1,,,27.23023843,0.018831143,0,78.5,0,70.91443889,1,0
1406298418,87.6,0,0,0,0,2695.1,3.430574884,2.6126526,0.0024226,16.078436,0,0,1,,,27.24992883,0.019690405,0,69.66666667,0,72.8529954,1,0
1406298419,29.88888889,0,0,0,0,2750.666667,3.439437965,2.615476556,0.002823956,16.078436,0,0,1,,,27.2703815,0.020452667,0,39.45454545,0,74.59624475,1,0
1406298420,0,1,0,0,0,2701.3,3.431572819,2.6161739,0.000697344,16.078436,0,0,1,,,27.2907755,0.020394,0,-14.1,0,73.08999509,1,0
1406298421,0,1,0,0,0,2594.333333,3.414025776,2.616253,7.91E-05,16.078436,0,0,1,28.5447672,77.33813982,27.31253971,0.021764214,0,-20,0,70.17444033,1,0
1406298422,0,1,0,0,0,2481.6,3.39473178,2.616253,0,16.078436,0,0,1,,,27.32908817,0.016548452,0,-20,0,67.1019959,1,0
1406298423,0,1,0,0,0,2379.2,3.376430951,2.616253,0,16.078436,0,0,1,,,27.34900883,0.019920667,0,-20,0,64.2339997,1,0
1406298424,0,1,0,0,0,2139.7,3.330352887,2.616253,0,16.078436,0,0,1,,,27.3643745,0.015365667,0,-20,0,58.06554844,1,0
1406298425,0,1,0,0,0,1709.8,3.232945313,2.616253,0,16.078436,0,0,1,,,27.37856938,0.014194875,0,-19.4,0,46.43817836,0,0
1406298426,0,1,0,0,0,1367.2,3.13583205,2.6163804,0.0001274,16.078436,0,0,1,28.54526245,77.33747868,27.39067386,0.012104482,0,-12,2,39.65444089,0,0
1406298427,0,1,0,0,0,1017.9,3.007705114,2.616685556,0.000305156,16.078436,0,0,1,,,27.40217629,0.011502429,0,-8.2,2,38.0219985,0,0
1406298428,0,0,0,0,0,1370.6,3.136910727,2.6169521,0.000266544,16.078436,0,0,1,,,27.41156067,0.009384381,0,-21.7,3,35.6219986,0,0
1406298429,8.090909091,0,0,0,0,1693.1,3.22868261,2.6174924,0.0005403,16.078436,0,0,1,,,27.42158714,0.010026476,0,-9.6,1,33.9179962,0,0
1406298430,21.88888889,0,0,0,0,1671.333333,3.223063075,2.618177333,0.000684933,16.078436,0,0,1,,,27.43160143,0.010014286,0,33.4,0,33.1799973,0,0
1406298431,48.94444444,0,0,0,0,1710.333333,3.23308076,2.6192405,0.001063167,16.078436,0,0,1,28.54555603,77.33710455,27.44051457,0.008913143,0,50.2,0,34.25444211,0,0
1406298432,82.5,0,0,0,0,1822.4,3.260643707,2.6208142,0.0015737,16.078436,0,0,1,,,27.4487885,0.008273929,0,86.4,0,36.4999955,0,0
1406298433,96.65,0,0,0,0,1960.777778,3.292428376,2.622893333,0.002079133,16.078436,0,0,1,,,27.46028817,0.011499667,0,93.3,0,39.27221867,0,0
1406298434,79.88888889,0,0,0,0,2101.4,3.322508728,2.6247248,0.001831467,16.078436,0,0,1,,,27.47170014,0.011411976,0,90.8,0,42.1919953,0,0
1406298435,73.95,0,0,0,0,2266.3,3.355317399,2.627043889,0.002319089,16.078436,0,0,1,,,27.48387357,0.012173429,0,101.4,0,45.5659973,0,0
1406298436,67.05,0,0,0,0,2406.555556,3.381395892,2.6290883,0.002044411,15.686279,0,0,1,28.54587507,77.33670202,27.49581517,0.011941595,0,83.6,0,48.11888467,0,0
1406298437,0,0,0,0,0,2037.1,3.309012349,2.630391111,0.001302811,15.686279,0,0,1,,,27.50962543,0.013810262,0,-18.9,3,49.1979966,0,0
1406298438,0,0,0,0,0,1729.4,3.237895455,2.6306378,0.000246689,15.686279,0,0,1,,,27.524486,0.014860571,0,-7.222222222,1,48.1939941,0,0
1406298439,18,0,0,0,0,1778.9,3.250151535,2.6314166,0.0007788,15.686279,0,0,1,,,27.53632617,0.011840167,0,30.7,0,48.0249984,0,0
1406298440,11.5,0,0,0,0,1771.3,3.248292123,2.632050667,0.000634067,15.686279,0,0,1,,,27.54991863,0.013592458,0,6.9,0,47.5469971,0,0
1406298441,20.15,0,0,0,0,1762.9,3.246227678,2.6329103,0.000859633,15.686279,0,0,1,28.54627873,77.33620948,27.56395843,0.014039804,0,35.2,0,47.9079987,0,0
1406298442,0,0,0,0,0,1755.7,3.244450309,2.6335622,0.0006519,15.686279,0,0,1,,,27.57740729,0.013448857,0,-12.2,0,47.3529968,0,0
1406298443,0,1,0,0,0,1700.8,3.230653247,2.633578,1.58E-05,15.686279,0,0,1,,,27.59028514,0.012877857,0,-19,0,45.9749969,0,0
1406298444,0,1,0,0,0,1609.222222,3.206616021,2.633595556,1.75556E-05,15.686279,0,0,1,,,27.6018818,0.011596657,0,-18.3,0,43.3739989,0,0
1406298445,0,1,0,0,0,1506.3,3.177911476,2.6338559,0.000260344,15.686279,0,0,1,,,27.61411425,0.01223245,0,-12.6,0,40.64444144,0,0
1406298446,0,1,0,0,0,1409.2,3.148972635,2.6341735,0.0003176,15.686279,0,0,1,,,27.62560486,0.011490607,0,-9.9,0,38.099997,0,0
1406298447,0,1,0,0,0,1265.2,3.102159183,2.634486778,0.000313278,15.686279,0,0,1,,,27.63456014,0.008955286,0,-10.4,0,34.43555533,0,0
1406298448,10.11111111,0,0,0,0,1120.777778,3.049519511,2.6347375,0.000250722,15.686279,0,0,1,,,27.64380238,0.009242232,0,-11.3,0,30.4889953,0,0
1406298449,37.3,0,0,0,0,1134.8,3.054919327,2.635555,0.0008175,15.686279,0,0,1,,,27.65139825,0.007595875,0,47.7,0,30.2589966,0,0
1406298450,12.7,0,0,0,0,1154.8,3.062506775,2.6365648,0.0010098,15.686279,0,0,1,,,27.660439,0.00904075,0,21.2,0,31.5979979,0,0
1406298451,0,1,0,0,0,1129.3,3.052809328,2.6370335,0.0004687,15.686279,0,0,1,,,27.66911963,0.008680625,0,-12.3,0,30.411998,0,0
1406298452,0,0,0,0,0,1051.8,3.021933166,2.637382,0.0003485,15.686279,0,0,1,,,27.6770885,0.007968875,0,-14.4,0,28.7569963,0,0
1406298453,9.85,0,0,0,0,954.8888889,2.97995284,2.6377005,0.0003185,15.686279,0,0,1,,,27.684182,0.0070935,0,7,4,27.76777478,0,0
1406298454,23.55,0,0,0,0,1044.636364,3.018965139,2.6385027,0.0008022,15.686279,0,0,1,,,27.69191971,0.007737714,0,35.7,0,28.25363364,0,0
1406298455,17.3,0,0,0,0,1087.666667,3.036495819,2.6393763,0.0008736,15.686279,0,0,1,,,27.70078238,0.008862661,0,39.3,0,29.39332922,0,0
1406298456,0,1,0,0,0,1073.1,3.030640195,2.639972,0.0005957,15.686279,0,0,1,28.54720207,77.33514795,27.70866443,0.007882054,0,-6,0,29.2099976,0,0
1406298457,0,1,0,0,0,1011.8,3.005094675,2.640214444,0.000242444,15.686279,0,0,1,,,27.71658463,0.007920196,0,-7.8,0,27.3059975,0,0
1406298458,0,1,0,0,0,940.3636364,2.973295827,2.6404721,0.000257656,15.686279,0,0,1,,,27.72396833,0.007383708,0,-6.8,0,25.43181609,0,0
1406298459,0,1,0,0,0,833.5555556,2.92093455,2.6407578,0.0002857,15.686279,0,0,1,,,27.73052063,0.006552292,0,1.9,2,24.29749588,0,0
1406298460,0,1,0,0,0,854.3333333,2.931627351,2.64107,0.0003122,15.686279,0,0,1,,,27.736778,0.006257375,0,2.3,1,22.1699974,0,0
1406298461,1.2,0,0,0,0,944.6,2.975247941,2.6413772,0.0003072,15.686279,0,0,1,28.5474251,77.33490958,27.74278722,0.006009222,0,-2.6,1,19.6259987,0,0
1406298462,0,1,0,0,0,914.6,2.961231197,2.6416629,0.0002857,15.686279,0,0,1,,,27.74836557,0.005578349,0,1.1,0,18.0069969,0,0
1406298463,0,1,0,0,0,902.3,2.955350957,2.642014,0.0003511,15.686279,0,0,1,,,27.75308171,0.004716143,0,2,1,15.0569968,0,0
1406298464,0,1,0,0,0,908.3,2.958229314,2.6422981,0.0002841,15.686279,0,0,1,,,27.75652511,0.003443397,0,1.6,1,12.29555256,0,0
1406298465,0,0,0,0,0,830.3,2.919235038,2.642640444,0.000342344,15.686279,0,0,1,,,27.75970857,0.00318346,0,18.2,0,11.01181645,0,0
1406298466,0,1,0,0,0,853.9,2.931407014,2.6430523,0.000411856,15.686279,0,0,1,,,27.762661,0.002952429,0,26.5,0,11.2929976,0,0
1406298467,11.85,1,0,0,0,962.6666667,2.983475934,2.6435207,0.0004684,15.686279,0,0,1,,,27.765799,0.003138,0,45.88888889,1,11.14555189,0,0
1406298468,40.7,0,0,0,0,1086.2,3.035909798,2.6442992,0.0007785,15.686279,0,0,1,,,27.76918329,0.003384286,0,101.7,1,13.6369987,0,0
1406298469,100,0,0,0,0,1310.818182,3.117542457,2.64538,0.0010808,15.686279,0,0,1,,,27.773932,0.004748714,0,101.9,0,17.2919983,0,0
1406298470,99.15,0,0,0,0,1601.888889,3.204632389,2.646701556,0.001321556,15.686279,0,0,1,,,27.77923114,0.005299143,0,114.8,0,21.1669984,0,0
1406298471,100,0,0,0,0,1890.9,3.276668562,2.6484406,0.001739044,15.686279,0,0,1,,,27.78506267,0.005831524,0,136.4,0,25.2579972,0,0
1406298472,97.18181818,0,0,0,0,2251.909091,3.352550854,2.6507136,0.002273,15.686279,0,0,1,,,27.79336,0.008297333,0,140.2,0,29.8189957,0,0
1406298473,100,0,0,0,0,2617,3.417803723,2.653449,0.0027354,15.686279,0,0,1,,,27.80232567,0.008965667,0,136,0,34.5069962,0,0
1406298474,100,0,0,0,0,2951,3.469969209,2.656477,0.003028,15.686279,0,0,1,,,27.81299067,0.010665,0,143.4,0,39.41110733,0,0
1406298475,84.77777778,0,0,0,0,3339.9,3.523733464,2.6602771,0.0038001,15.686279,0,0,1,,,27.82345771,0.010467048,0,177.2222222,0,44.4599961,0,0
1406298476,1.85,0,0,0,0,3139.2,3.496818986,2.662705778,0.002428678,15.686279,0,0,1,28.54800128,77.33435215,27.8365626,0.013104886,0,-8,1,47.46777678,0,0
1406298477,55.3,0,0,0,0,2395.7,3.379432433,2.663218,0.000512222,15.686279,0,0,1,,,27.84961186,0.013049257,0,45.6,1,47.5069975,0,0
1406298478,91.5,0,0,0,0,2526.9,3.402588055,2.665435,0.002217,15.686279,0,0,1,,,27.86277271,0.013160857,0,108.2,0,50.515552,0,0
1406298479,17.5,0,0,0,0,2639.7,3.421554572,2.6675501,0.0021151,15.686279,0,0,1,,,27.8778025,0.015029786,0,41.1,0,53.0249955,0,0
1406298480,28.45,0,0,0,0,2674.4,3.427226364,2.668675889,0.001125789,15.686279,0,0,1,,,27.89151383,0.013711333,0,52.3,0,53.5359985,0,0
1406298481,18.38888889,0,0,0,0,2699,3.431202885,2.6701569,0.001481011,15.686279,0,0,1,,,27.907914,0.016400167,0,24.6,0,54.3939973,0,0
1406298482,0,0,0,0,0,2681.9,3.42844258,2.6709435,0.0007866,15.686279,0,0,1,,,27.9224675,0.0145535,0,-9.6,0,53.7379957,0,0
1406298483,0,1,0,0,0,2602.1,3.415323983,2.671166,0.0002225,15.686279,0,0,1,,,27.93669517,0.014227667,0,-26.11111111,0,52.1889956,0,0
1406298484,0,1,0,0,0,2443.2,3.38795902,2.671166,0,15.686279,0,0,1,,,27.9509615,0.014266333,0,-26.6,0,48.8199983,0,0
1406298485,0,1,0,0,0,2175.3,3.33751916,2.671166,0,15.686279,0,0,1,,,27.96451075,0.01354925,0,-27,0,43.4219954,0,0
1406298486,0,1,0,0,0,1985.2,3.297804267,2.671166,0,15.686279,0,0,1,28.54889803,77.33335387,27.975417,0.01090625,0,-39,0,39.7419983,0,0
1406298487,0,1,0,0,0,1853.6,3.268016021,2.671166,0,15.686279,0,0,1,,,27.98638057,0.010963571,0,-44.9,0,37.21888722,0,0
1406298488,15.35,0,0,0,0,1759.555556,3.245402984,2.671174778,8.77778E-06,15.686279,0,0,1,,,27.99679938,0.010418804,0,-19.6,1,34.8559953,0,0
1406298489,6,0,0,0,0,1730.1,3.238071206,2.6721673,0.000992522,15.686279,0,0,1,,,28.00576114,0.008961768,0,7.1,1,34.90222167,0,0
1406298490,12.85,0,0,0,0,1721.3,3.235856569,2.6731766,0.0010093,15.686279,0,0,1,,,28.01563043,0.009869286,0,22.9,0,34.5619981,0,0
1406298491,0,1,0,0,0,1575.888889,3.197525593,2.673744333,0.000567733,15.686279,0,0,1,28.54920507,77.33299527,28.0246775,0.009047071,0,-37.1,0,32.13888722,0,0
1406298492,0,1,0,0,0,1319.7,3.120475217,2.674017556,0.000273222,15.686279,0,0,1,,,28.03277367,0.008096167,0,-27.4,0,28.0659957,0,0
1406298493,0,1,0,0,0,1232.5,3.090786928,2.6743043,0.000286744,15.686279,0,0,1,,,28.04015214,0.007378476,0,-15.1,0,25.1029976,0,0
1406298494,0,0,0,0,0,1092.666667,3.038487695,2.6746219,0.0003176,15.686279,0,0,1,,,28.04639943,0.006247286,0,-20.4,0,22.010998,0,0
1406298495,0,1,0,0,0,900.4,2.954435486,2.674891222,0.000269322,15.686279,0,0,1,,,28.0519448,0.005545371,0,-20.11111111,0,18.1909958,0,0
1406298496,10.55,0,0,0,0,912.6,2.960280464,2.6752176,0.000326378,15.686279,0,0,1,28.54940835,77.33273242,28.05647229,0.004527486,0,20.8,1,16.820997,0,0
1406298497,0,0,0,0,0,885.8,2.947335676,2.675826556,0.000608956,15.686279,0,0,1,,,28.0615426,0.005070314,0,9.2,1,17.7909973,0,0
1406298498,32.95,0,0,0,0,934.9,2.97076516,2.6763136,0.000487044,15.686279,0,0,1,,,28.06682529,0.005282686,0,58.2,0,18.5599976,0,0
1406298499,51.45,0,0,0,0,1051.5,3.021809277,2.6772509,0.0009373,15.686279,0,0,1,,,28.07217938,0.005354089,0,65,0,21.0849976,0,0
1406298500,0,0,0,0,0,955.8,2.980367026,2.6779418,0.0006909,15.686279,0,0,1,,,28.0780686,0.005889225,0,-0.2,2,22.1529975,0,0
1406298501,70,0,0,0,0,1214.8,3.084504783,2.678641889,0.000700089,15.686279,0,0,1,28.54931545,77.33250278,28.08439313,0.006324525,0,83.4,2,22.7399981,0,0
1406298502,92.45,0,0,0,0,1301.6,3.11447754,2.6798332,0.001191311,15.686279,0,0,1,,,28.09160733,0.007214208,0,85.1,0,26.1969972,0,0
1406298503,56.2,0,0,0,0,1458.2,3.163817094,2.6810731,0.0012399,15.686279,0,0,1,,,28.0985932,0.006985867,0,76.2,0,29.07332956,0,0
1406298504,35,0,0,0,0,1557.666667,3.192474526,2.682395333,0.001322233,15.686279,0,0,1,,,28.106566,0.0079728,0,58.7,0,31.3529954,0,0
1406298505,14.35,0,0,0,0,1563.9,3.19420898,2.683052,0.000656667,15.686279,0,0,1,,,28.11540686,0.008840857,0,13.1,0,31.1429962,0,0
1406298506,24.33333333,0,0,0,0,1608.888889,3.206526052,2.6839898,0.0009378,15.686279,0,0,1,,,28.12519071,0.009783857,0,65.5,0,32.37888756,0,0
1406298507,40.8,0,0,0,0,1716.5,3.234643808,2.685158889,0.001169089,15.686279,0,0,1,,,28.1339975,0.008806786,0,69.9,0,34.2949968,0,0
1406298508,59.5,0,0,0,0,1829.5,3.262332414,2.6866852,0.001526311,15.686279,0,0,1,,,28.14297867,0.008981167,0,86.8,0,36.7339966,0,0
1406298509,42.8,0,0,0,0,1956.2,3.291413255,2.688436667,0.001751467,15.686279,0,0,1,,,28.15455888,0.011580208,0,73.66666667,0,39.4039947,0,0
1406298510,0,1,0,0,0,1952.7,3.290635526,2.6894593,0.001022633,15.686279,0,0,1,,,28.16575083,0.011191958,0,-19.5,0,39.3249985,0,0
1406298511,0,1,0,0,0,1691.8,3.228349021,2.689602,0.0001427,15.686279,0,0,1,28.54879038,77.3318301,28.17625213,0.010501292,0,-42.2,0,33.9759993,0,0
1406298512,0,1,0,0,0,1290.3,3.110690697,2.689753,0.000151,15.686279,0,0,1,,,28.1841,0.007847875,0,-23,0,26.32110933,0,0
1406298513,0,1,0,0,0,918.3,2.962984584,2.6901022,0.0003492,15.686279,0,0,1,,,28.18955186,0.005451857,0,-2.888888889,0,18.6499969,0,0
1406298514,0,1,0,0,0,847.7,2.928242183,2.690413667,0.000311467,15.686279,0,0,1,,,28.193752,0.004200143,0,7,3,12.1819984,0,0
1406298515,0,1,0,0,0,847,2.92788341,2.6907612,0.000347533,15.686279,0,0,1,,,28.1965025,0.0027505,0,19.5,1,6.5719994,0,0
1406298516,0,0,0,0,0,845.5555556,2.927142147,2.6911027,0.0003415,15.686279,0,0,1,,,28.19813788,0.001635375,0,31.7,0,5.2319977,0,0
1406298517,0,1,0,0,0,909.5,2.958802703,2.691454778,0.000352078,15.686279,0,0,1,,,28.19933214,0.001194268,0,11.3,0,4.610997,0,0
1406298518,0,1,0,0,0,867.2222222,2.938130398,2.6917457,0.000290922,15.686279,0,0,1,,,28.20057029,0.001238143,0,23.6,0,4.959997333,0,0
1406298519,0,0,0,0,0,863.4,2.936212044,2.6920713,0.0003256,15.686279,0,0,1,,,28.20226111,0.001690825,0,34.5,0,6.0409982,0,0
1406298520,0,1,0,0,0,924.1111111,2.965724192,2.692425111,0.000353811,15.686279,0,0,1,,,28.20387638,0.001615264,0,19.1,0,6.593331889,0,0
1406298521,0,1,0,0,0,888.4,2.94860855,2.6927142,0.000289089,15.686279,0,0,1,28.54855713,77.33170913,28.20579478,0.001918403,0,26,0,5.8479979,0,0
1406298522,0,1,0,0,0,956.6363636,2.980746885,2.6930478,0.0003336,15.686279,0,0,1,,,28.20702071,0.001225937,0,7.7,0,3.4459977,0,0
1406298523,0,1,0,0,0,952.2222222,2.978738312,2.693368778,0.000320978,15.686279,0,0,1,,,28.20770114,0.000680429,0,6.2,0,1.9939979,0,0
1406298524,4,0,0,0,0,1140.909091,3.057251041,2.6937227,0.000353922,15.686279,0,0,1,,,28.20801286,0.000311714,0,40.8,1,0.3249984,0,0
1406298525,0.45,0,0,0,0,912.9,2.960423207,2.6941515,0.0004288,15.686279,0,0,1,,,28.208027,1.41429E-05,0,26.1,0,0,0,0
1406298526,0.5,0,0,0,0,958.2222222,2.981466238,2.6947867,0.0006352,15.686279,0,0,1,28.54854048,77.33173358,28.208027,0,0,27.33333333,0,0,0,0
1406298527,3.2,0,0,0,0,961.6,2.982994455,2.695283444,0.000496744,15.686279,0,0,1,,,28.208027,0,0,56.6,0,0,0,0
1406298528,5.7,0,0,0,0,1014.6,3.006294858,2.695803,0.000519556,15.686279,0,0,1,,,28.208027,0,0,65.18181818,0,0,0,0
1406298529,0.4,0,0,0,0,1027.5,3.011781831,2.6964145,0.0006115,15.686279,0,0,1,,,28.20818257,0.000155571,0,30.5,0,1.2359978,0,0
1406298530,7.611111111,0,0,0,0,1266.1,3.102468009,2.696880333,0.000465833,15.686279,0,0,1,,,28.20856013,0.000377554,0,67,0,1.3389979,0,0
1406298531,9.1,0,0,0,0,1390.1,3.143046043,2.6974149,0.000534567,15.686279,0,0,1,,,28.20895675,0.000396625,0,42.5,0,1.643331889,0,0
1406298532,4.333333333,0,0,0,0,1149.777778,3.060613911,2.6980821,0.0006672,15.686279,0,0,1,,,28.2095765,0.00061975,0,59.81818182,0,2.8139975,0,0
1406298533,7.111111111,0,0,0,0,1108,3.04453976,2.698742111,0.000660011,15.686279,0,0,1,,,28.21046457,0.000888071,0,79.4,0,3.741108333,0,0
1406298534,5.75,0,0,0,0,1104.4,3.043126398,2.6993525,0.000610389,15.686279,0,0,1,,,28.21167314,0.001208571,0,44.44444444,0,4.8679971,0,0
1406298535,6.45,1,0,0,0,1036,3.015359755,2.69998,0.0006275,15.686279,0,0,1,,,28.21334257,0.001669429,0,57,1,6.1849983,0,0
1406298536,0,1,0,0,0,852.6,2.930745328,2.700400778,0.000420778,15.686279,0,0,1,28.54850368,77.33177042,28.21479717,0.001454595,0,17.8,0,4.2749975,0,0
1406298537,0,0,0,0,0,921,2.96425963,2.7008455,0.000444722,15.686279,0,0,1,,,28.21560557,0.000808405,0,3.2,1,1.6759978,0,0
1406298538,0,0,0,0,0,922.5555556,2.964992528,2.7012663,0.0004208,15.686279,0,0,1,,,28.21579,0.000184429,0,1.222222222,0,0.045555111,0,0
1406298539,0,0,0,0,0,913.7272727,2.960816588,2.701609444,0.000343144,15.686279,0,0,1,,,28.21579,0,0,1.1,0,0,0,0
1406298540,0,0,0,0,0,911.2,2.959613711,2.701949,0.000339556,15.686279,0,0,1,,,28.21579,0,0,1.3,0,0,0,0
1406298541,0,0,0,0,0,910,2.959041392,2.7023062,0.0003572,15.686279,0,0,1,28.54849873,77.33178075,28.21579,0,0,0.5,0,0,0,0
1406298542,0,0,0,0,0,905.7272727,2.956997445,2.7026635,0.0003573,15.686279,0,0,1,,,28.21579,0,0,0.4,0,0,0,0
1406298543,0,0,0,0,0,905.2,2.956744545,2.7030287,0.0003652,15.686279,0,0,1,,,28.21579,0,0,0.9,0,0,0,0
1406298544,0,0,0,0,0,881.5555556,2.945249687,2.703391222,0.000362522,15.686279,0,0,1,,,28.21579,0,0,9.6,0,0,0,0
1406298545,0,0,0,0,0,887.7,2.94826622,2.7036957,0.000304478,15.686279,0,0,1,,,28.21579,0,0,7.6,0,0,0,0
1406298546,0,0,0,0,0,901.3333333,2.954885433,2.7039578,0.0002621,15.686279,0,0,1,28.54849873,77.33178075,28.21579,0,0,6.6,0,0,0,0
1406298547,0.8,0,0,0,0,939.7,2.972989227,2.704238111,0.000280311,15.686279,0,0,1,,,28.21579,0,0,12.4,0,0,0,0
1406298548,7.05,0,0,0,0,1294.4,3.112068504,2.7044734,0.000235289,15.686279,0,0,1,,,28.21579,0,0,46.5,0,0.1559997,0,0
1406298549,8.15,0,0,0,0,993.4,2.997124156,2.7048942,0.0004208,15.686279,0,0,1,,,28.21611213,0.000322125,0,89.8,0,3.097774111,0,0
1406298550,7.7,0,0,0,0,951.3,2.978317497,2.705420111,0.000525911,15.686279,0,0,1,,,28.21746717,0.001355042,0,95.66666667,1,6.714998,0,0
1406298551,15.2,0,0,0,0,1281,3.10754913,2.7059264,0.000506289,15.686279,0,0,1,,,28.21980133,0.002334167,0,94.36363636,0,8.9159974,0,0
1406298552,21,0,0,0,0,1787.1,3.252148855,2.7068002,0.0008738,15.686279,0,0,1,,,28.22262789,0.002826556,0,143.6666667,0,12.4769988,0,0
1406298553,12.2,0,0,0,0,2140.7,3.330555809,2.707829333,0.001029133,15.686279,0,0,1,,,28.22697157,0.004343683,0,60.9,0,15.5809976,0,0
1406298554,21.4,0,0,0,0,1466.3,3.166222835,2.7085401,0.000710767,15.686279,0,0,1,,,28.2310074,0.004035829,0,30.2,1,16.5349977,0,0
1406298555,44.11111111,0,0,0,0,1483.666667,3.17133634,2.709825111,0.001285011,15.686279,0,0,1,,,28.23570114,0.004693743,0,101.3333333,1,19.6329972,0,0
1406298556,47.81818182,0,0,0,0,1758,3.245018871,2.7112035,0.001378389,15.686279,0,0,1,28.54858675,77.33198443,28.24229275,0.006591607,0,113.9090909,0,23.5129974,0,0
1406298557,28.75,0,0,0,0,2031.2,3.307752688,2.7128887,0.0016852,15.686279,0,0,1,,,28.24964971,0.007356964,0,89.55555556,0,27.2479966,0,0
1406298558,2.111111111,0,0,0,0,2074.8,3.316976239,2.713897,0.0010083,15.686279,0,0,1,,,28.25631557,0.006665857,0,-18.6,0,27.8409959,0,0
1406298559,0,0,0,0,0,1954.1,3.290946785,2.7142314,0.0003344,15.686279,0,0,1,,,28.26491029,0.008594714,0,-51.2,0,26.1359971,0,0
1406298560,0,1,0,0,0,1682.7,3.226006695,2.714303,7.16E-05,15.686279,0,0,1,,,28.27155938,0.006649089,0,-67.5,0,22.4609957,0,0
1406298561,0,1,0,0,0,1241.444444,3.093927289,2.7145016,0.0001986,15.686279,0,0,1,28.548799,77.33225598,28.27667186,0.005112482,0,-27.5,0,16.56222033,0,0
1406298562,0,0,0,0,0,1050.2,3.021272014,2.714819,0.0003174,15.686279,0,0,1,,,28.28081525,0.004143393,0,-23.5,0,13.9359971,0,0
1406298563,16.2,0,0,0,0,997,2.998695158,2.715176556,0.000357556,15.686279,0,0,1,,,28.28412938,0.003314125,0,56.3,2,13.0229965,0,0
1406298564,8.1,0,0,0,0,1077.9,3.032578472,2.7160025,0.000825944,15.686279,0,0,1,,,28.28814413,0.00401475,0,51.6,0,14.785997,0,0
1406298565,0,0,0,0,0,896.3,2.952453396,2.716438444,0.000435944,15.686279,0,0,1,,,28.29224071,0.004096589,0,-0.7,1,14.78666433,0,0
1406298566,0,0,0,0,0,921.5,2.96449534,2.716725,0.000286556,15.686279,0,0,1,,,28.2962222,0.003981486,0,-1.1,1,14.06636109,0,0
1406298567,0,1,0,0,0,951.2,2.978271842,2.7169789,0.0002539,15.686279,0,0,1,,,28.29975417,0.003531967,0,-8.4,0,12.9639969,0,0
1406298568,0,1,0,0,0,874.1111111,2.941566641,2.7172172,0.0002383,15.686279,0,0,1,,,28.30334557,0.003591405,0,2.9,1,10.98555478,0,0
1406298569,0,1,0,0,0,860.7,2.934851803,2.717514556,0.000297356,15.686279,0,0,1,,,28.306583,0.003237429,0,9.7,0,10.2669991,0,0
1406298570,0,1,0,0,0,885.4,2.947139518,2.7177967,0.000282144,15.686279,0,0,1,,,28.30917957,0.002596571,0,7.111111111,0,9.8309974,0,0
1406298571,0,1,0,0,0,916.9,2.962321973,2.7181223,0.0003256,15.686279,0,0,1,28.54893258,77.33249602,28.311764,0.002584429,0,4.1,0,7.8719971,0,0
1406298572,0.7,0,0,0,0,919.7,2.963646186,2.7184717,0.0003494,15.686279,0,0,1,,,28.31336663,0.001602625,0,3.6,1,5.480996,0,0
1406298573,0.5,1,0,0,0,957.6,2.981184137,2.7189798,0.0005081,15.686279,0,0,1,,,28.31486438,0.00149775,0,31,0,5.6619972,0,0
1406298574,3.111111111,0,0,0,0,946.3,2.97602884,2.7195196,0.0005398,15.686279,0,0,1,,,28.3163235,0.001459125,0,13,0,4.6519974,0,0
1406298575,7.166666667,0,0,0,0,1243.111111,3.094509948,2.720240556,0.000720956,15.686279,0,0,1,,,28.31773886,0.001415357,0,61,0,5.823330222,0,0
1406298576,0,1,0,0,0,900.9,2.954676587,2.7207666,0.000526044,15.686279,0,0,1,28.54885042,77.33255472,28.31936988,0.001631018,0,10.8,0,6.535997,0,0
1406298577,2.6,0,0,0,0,909.6666667,2.958882281,2.721193556,0.000426956,15.686279,0,0,1,,,28.32133217,0.001962292,0,25.7,0,6.108886778,0,0
1406298578,7.6,0,0,0,0,1076.5,3.032014034,2.7217908,0.000597244,15.686279,0,0,1,,,28.32292429,0.001592119,0,64.8,0,7.5499976,0,0
1406298579,0.3,0,0,0,0,989.3,2.995328009,2.7223226,0.0005318,15.686279,0,0,1,,,28.32506533,0.002141048,0,13.9,0,7.2659972,0,0
1406298580,0,1,0,0,0,843.3,2.9259821,2.722790222,0.000467622,15.686279,0,0,1,,,28.32696643,0.001901095,0,44.9,0,4.9279991,0,0
1406298581,0,1,0,0,0,900.6,2.954531943,2.7231881,0.000397878,15.686279,0,0,1,,,28.32781843,0.000852,0,30.9,1,1.819999,0,0
1406298582,1.65,0,0,0,0,1050.1,3.021230658,2.723593,0.0004049,15.686279,0,0,1,,,28.327974,0.000155571,0,42.11111111,0,0,0,0
1406298583,0.25,0,0,0,0,944.7,2.975293915,2.723963556,0.000370556,15.686279,0,0,1,,,28.3280405,6.65E-05,0,27.3,0,0.5679992,0,0
1406298584,0,0,0,0,0,877.6,2.943296615,2.7242918,0.000328244,15.686279,0,0,1,,,28.32831443,0.000273929,0,25.3,0,1.1549989,0,0
1406298585,0,0,0,0,0,910.1,2.959089114,2.7244662,0.0001744,15.686279,0,0,1,,,28.32861186,0.000297429,0,18.2,0,1.111110222,0,0
1406298586,0,0,0,0,0,940.3,2.973266436,2.7246804,0.0002142,15.686279,0,0,1,,,28.328768,0.000156143,0,9.5,0,0.2609985,0,0
1406298587,10.05,0,0,0,0,977.2222222,2.989993334,2.724995222,0.000314822,15.686279,0,0,1,,,28.328768,0,0,79.2,0,0,0,0
1406298588,1.611111111,0,0,0,0,1412.9,3.150111425,2.7257369,0.000741678,15.686279,0,0,1,,,28.32895375,0.00018575,0,6.222222222,0,1.1789976,0,0
1406298589,0,1,0,0,0,897.6666667,2.953115099,2.7260705,0.0003336,15.686279,0,0,1,,,28.329363,0.00040925,0,6.6,0,1.551109222,0,0
1406298590,0,1,0,0,0,877.2,2.943098623,2.726398667,0.000328167,15.686279,0,0,1,,,28.32971013,0.000347125,0,11.27272727,0,0.7049979,0,0
1406298591,0,1,0,0,0,924.8,2.966047821,2.7267215,0.000322833,15.686279,0,0,1,28.54876427,77.33258102,28.32976,4.9875E-05,0,0.5,0,0,0,0
1406298592,0,0,0,0,0,940.3,2.973266436,2.727095667,0.000374167,15.686279,0,0,1,,,28.32976,0,1,-4.8,0,0,0,0
1406298593,0,0,0,0,0,929.9,2.968436248,2.7274361,0.000340433,15.686279,0,0,1,,,28.32976,0,1,-5.1,0,0,0,0
1406298594,0,0,0,0,0,910.1,2.959089114,2.727801444,0.000365344,15.686279,0,0,1,,,28.32976,0,1,-3.6,0,0,0,0
1406298595,0,0,0,0,0,909.7,2.958898195,2.7281349,0.000333456,15.686279,0,0,1,,,28.32976,0,1,-4.111111111,0,0,0,0
1406298596,0,0,0,0,0,903.6,2.955976222,2.7284919,0.000357,15.686279,0,0,1,28.54876427,77.33258102,28.32976,0,1,-3.4,0,0,0,0
1406298597,0,0,0,0,0,904.3333333,2.956328539,2.7288255,0.0003336,15.686279,0,0,1,,,28.32976,0,1,-3.2,0,0,0,0
1406298598,0,0,0,0,0,900.4545455,2.954461795,2.7291748,0.0003493,15.686279,0,0,1,,,28.32976,0,1,-2.2,0,0,0,0
1406298599,0,0,0,0,0,902.1111111,2.955260032,2.7295242,0.0003494,15.686279,0,0,1,,,28.32976,0,1,-2.3,0,0,0,0
1406298600,0,0,0,0,0,883.9,2.946403134,2.7298498,0.0003256,15.686279,0,0,1,,,28.32976,0,1,4.6,0,0,0,0
1406298601,0,0,0,0,0,896.4,2.952501848,2.7301594,0.0003096,15.686279,0,0,1,28.54876427,77.33258102,28.32976,0,1,2.9,0,0,0,0
1406298602,0,0,0,0,0,905,2.956648579,2.730439,0.0002796,15.686279,0,0,1,,,28.32976,0,1,1.6,0,0,0,0
1406298603,0,0,0,0,0,927,2.967079734,2.7306911,0.0002521,15.686279,0,0,1,,,28.32976,0,1,-3.4,0,0,0,0
1406298604,0,0,0,0,0,936.3,2.971415023,2.7309452,0.0002541,15.686279,0,0,1,,,28.32976,0,1,-6.8,0,0,0,0
1406298605,0,0,0,0,0,925.7777778,2.966506752,2.731179889,0.000234689,15.686279,0,0,1,,,28.32976,0,1,-7.9,0,0,0,0
1406298606,0,0,0,0,0,914.3,2.96108872,2.7313978,0.000217911,15.686279,0,0,1,28.54876427,77.33258102,28.32976,0,1,-7.4,0,0,0,0
1406298607,0,0,0,0,0,905.7,2.956984368,2.731621111,0.000223311,15.686279,0,0,1,,,28.32976,0,1,-6.6,0,0,0,0
1406298608,0,0,0,0,0,900,2.954242509,2.7318265,0.000205389,15.686279,0,0,1,,,28.32976,0,1,-6,0,0,0,0
1406298609,0,0,0,0,0,880.9,2.94492661,2.7320331,0.0002066,15.686279,0,0,1,,,28.32976,0,1,-0.3,0,0,0,0
1406298610,0,0,0,0,0,863.6666667,2.936346158,2.7322075,0.0001744,15.686279,0,1,1,,28.32976,28.32976,0,1,9,0,0,0,0
